account-api,auth-access_token_api
account-api,auth-backoffice
account-apicore-read,auth-access_token_api
account-apicore-read,auth-backoffice
account-apicore-read,users-read
account-apicore-read,users-varnish
account-helpers-migration_jobs,fraud-mediation
account-helpers-migration_jobs,sites-varnish
account-helpers-migration_jobs,users-read
account-helpers-migration_jobs,users-varnish
account-helpers-movement_translator,sites-varnish
account-helpers-movement_translator,users-varnish
account-melicardapi,applications-api
account-melicardapi,auth-access_token_api
account-melicardapi,payments-search-read
account-melicardapi,payments-wrapper-read
account-melicardapi,users-read
account-melicardapi,users-varnish
account-workers-worker,account-helpers-movement_translator
account-workers-worker,fraud-mediation
account-workers-worker,users-read
addresses-api-jobs,locations-varnish
addresses-api-jobs,sites-varnish
addresses-api-read,auth-access_token_api
addresses-api-read,f5-articulo-oldworld
addresses-api-read,homes-frontend-varnish-aux
addresses-api-read,homes-frontend-web
addresses-api-read,homes-frontend-web-categ_mlb
addresses-api-read,locations-varnish
addresses-api-read,mlstatic
addresses-api-read,search-searchhtml
addresses-api-read,sites-varnish
addresses-api-read,vip-frontend-varnishmlb
addresses-api-read,vip-frontendclassif
addresses-api-write,auth-access_token_api
addresses-api-write,locations-varnish
addresses-api-write,sites-varnish
apparel-syifrontend,auth-access_token_api
apparel-syifrontend,auth-loginapi-read
apparel-syifrontend,auth-loginapi-varnish-orghash
apparel-syifrontend,auth-loginapi-write
apparel-syifrontend,catalog-categoryAttributes-api-read
apparel-syifrontend,categories-read
apparel-syifrontend,items-api-read
apparel-syifrontend,items-api-uploader
apparel-syifrontend,items-api-write
apparel-syifrontend,locations-varnish
apparel-syifrontend,prices-read
apparel-syifrontend,sites-varnish
apparel-syifrontend,users-read
apparel-syifrontend,users-varnish
apparel-syifrontend-test,auth-access_token_api
apparel-syifrontend-test,auth-loginapi-read
apparel-syifrontend-test,auth-loginapi-varnish-orghash
apparel-syifrontend-test,auth-loginapi-write
apparel-syifrontend-test,locations-varnish
apparel-syifrontend-test,sites-varnish
apparel-syifrontend-test,users-varnish
applications-api,auth-access_token_api
applications-api,catalog-api-products
applications-api,items-api-read
applications-api,sites-varnish
applications-api,users-varnish
applications-api-memcached,search-searchhtml
applications-appframe,auth-access_token_api
applications-appframe,sites-varnish
applications-appframe,users-varnish
applications-frontend,applications-api
applications-frontend,auth-loginapi-varnish-orghash
applications-frontend,sites-varnish
applications-frontend,users-varnish
arquitectura-apidoc-proxy,-
arquitectura-apidoc-proxy,account-apicore-read
arquitectura-apidoc-proxy,account-pricing
arquitectura-apidoc-proxy,applications-api
arquitectura-apidoc-proxy,arquitectura-apidoc
arquitectura-apidoc-proxy,auth-oauth_api
arquitectura-apidoc-proxy,billing-api
arquitectura-apidoc-proxy,billing-search
arquitectura-apidoc-proxy,catalog-categoryAttributes-api-read
arquitectura-apidoc-proxy,categories-dumper
arquitectura-apidoc-proxy,categories-read
arquitectura-apidoc-proxy,checkout-api-flows
arquitectura-apidoc-proxy,checkout-api-read
arquitectura-apidoc-proxy,color-histogram-web
arquitectura-apidoc-proxy,crm-adapters
arquitectura-apidoc-proxy,crm-api
arquitectura-apidoc-proxy,email-read
arquitectura-apidoc-proxy,feedback-wrapperapi-read
arquitectura-apidoc-proxy,feeds-feeds-activity
arquitectura-apidoc-proxy,fraud-mediation
arquitectura-apidoc-proxy,fraud-scoringadminapi
arquitectura-apidoc-proxy,homes-api-read
arquitectura-apidoc-proxy,items-api-multiget
arquitectura-apidoc-proxy,items-api-read
arquitectura-apidoc-proxy,items-visits-read
arquitectura-apidoc-proxy,locations-varnish
arquitectura-apidoc-proxy,messages-api-read
arquitectura-apidoc-proxy,moderations
arquitectura-apidoc-proxy,myml-itemsqueries
arquitectura-apidoc-proxy,orders-read
arquitectura-apidoc-proxy,orders-search
arquitectura-apidoc-proxy,orders-test
arquitectura-apidoc-proxy,orders-test-search
arquitectura-apidoc-proxy,payments-ipn
arquitectura-apidoc-proxy,payments-ipn-validation
arquitectura-apidoc-proxy,payments-ipnow
arquitectura-apidoc-proxy,payments-search-read
arquitectura-apidoc-proxy,payments-wrapper-history
arquitectura-apidoc-proxy,payments-wrapper-read
arquitectura-apidoc-proxy,prices-read
arquitectura-apidoc-proxy,questions-api-read
arquitectura-apidoc-proxy,search-api-publicmla
arquitectura-apidoc-proxy,search-api-publicmlb
arquitectura-apidoc-proxy,search-api-publicmlm
arquitectura-apidoc-proxy,search-api-publicmlv
arquitectura-apidoc-proxy,search-backend
arquitectura-apidoc-proxy,search-urlread
arquitectura-apidoc-proxy,shipping-addresses
arquitectura-apidoc-proxy,shipping-api-test
arquitectura-apidoc-proxy,shipping-api-varnish-read
arquitectura-apidoc-proxy,sites-varnish
arquitectura-apidoc-proxy,users-read
arquitectura-apidoc-proxy,users-varnish
arquitectura-apidoc-proxy,withdraw-api
arquitectura-bigqueue-cluster_node-test,auth-access_token_api
arquitectura-bigqueue-cluster_node-test,orders-search
arquitectura-bigqueue-cluster_node-test,search-api
arquitectura-bigqueue-cluster_node-test,sites-varnish
arquitectura-bigqueue-cluster_node-test,users-varnish
arquitectura-build-builder-cacique,f5-articulo-oldworld
arquitectura-build-builder-cacique,search-searchhtml
arquitectura-build-builder-cacique,search-sessionapi
arquitectura-build-builder-cacique,vip-frontendclassif
arquitectura-build-builder-cacique,vip-frontendcore
arquitectura-build-builder-conciliador,f5-articulo-oldworld
arquitectura-build-builder-conciliador,search-searchhtml
arquitectura-build-builder-conciliador,search-sessionapi
arquitectura-build-builder-conciliador,vip-frontend-varnishmlb
arquitectura-build-builder-conciliador,vip-frontendclassif
arquitectura-build-builder-melicard,f5-articulo-oldworld
arquitectura-build-builder-melicard,mlstatic
arquitectura-build-builder-melicard,search-searchhtml
arquitectura-build-builder-melicard,search-sessionapi
arquitectura-build-builder-melicard,vip-frontend-varnishall
arquitectura-build-builder-melicard,vip-frontendcore
arquitectura-build-builder-myml,f5-articulo-oldworld
arquitectura-build-builder-myml,homes-frontend-web
arquitectura-build-builder-myml,search-searchhtml
arquitectura-build-builder-myml,vip-frontend-varnishmlb
arquitectura-build-builder-myml,vip-frontendclassif
arquitectura-build-builder-odr,auth-loginfrontend
arquitectura-build-builder-odr,f5-articulo-oldworld
arquitectura-build-builder-odr,mlstatic
arquitectura-build-builder-odr,search-searchhtml
arquitectura-build-builder-odr,vip-frontend-varnishmlb
arquitectura-build-builder-odr,vip-frontendcore
arquitectura-build-builder-odr,vip-frontendresto
arquitectura-img-varnish,f5-articulo-oldworld
arquitectura-img-varnish,myml-frontend-varnish
arquitectura-img-varnish,search-searchhtml
arquitectura-img-varnish,vip-frontend-varnishmlb
arquitectura-img-varnish,vip-frontendcore
auth-access_token_api,applications-api
auth-access_token_api,auth-loginapi-read
auth-access_token_api,auth-loginapi-varnish-orghash
auth-access_token_api,auth-loginapi-varnish-ssid
auth-access_token_api,users-varnish
auth-access_token_api-1,search-searchhtml
auth-access_token_api-1,search-sessionapi
auth-access_token_mongodb-mongodb-config,f5-articulo-oldworld
auth-access_token_mongodb-mongodb-config,homes-frontend-web
auth-access_token_mongodb-mongodb-config,homes-frontend-web-categ_mlb
auth-access_token_mongodb-mongodb-config,search-searchhtml
auth-access_token_mongodb-mongodb-config,vip-frontend-varnishmlb
auth-access_token_mongodb-mongodb-config,vip-frontendcore
auth-accountrecovery_api,-
auth-accountrecovery_api,auth-access_token_api
auth-accountrecovery_api,auth-secondfactortoken
auth-accountrecovery_api,auth-smsapi
auth-accountrecovery_api,users-read
auth-accountrecovery_api,users-varnish
auth-accountrecoveryfrontend,-
auth-accountrecoveryfrontend,auth-access_token_api
auth-accountrecoveryfrontend,auth-accountrecovery_api
auth-accountrecoveryfrontend,auth-fake_sites_api-read
auth-accountrecoveryfrontend,auth-loginapi-varnish-orghash
auth-accountrecoveryfrontend,auth-loginapi-varnish-ssid
auth-accountrecoveryfrontend,auth-loginapi-write
auth-accountrecoveryfrontend,auth-secondfactortoken
auth-accountrecoveryfrontend,email-read
auth-accountrecoveryfrontend,email-write
auth-accountrecoveryfrontend,sites-varnish
auth-accountrecoveryfrontend,users-read
auth-accountrecoveryfrontend,users-varnish
auth-authorizationfrontend,applications-api
auth-authorizationfrontend,auth-access_token_api
auth-authorizationfrontend,auth-loginapi-read
auth-authorizationfrontend,auth-loginapi-varnish-orghash
auth-authorizationfrontend,auth-loginapi-varnish-ssid
auth-authorizationfrontend,auth-loginapi-write
auth-authorizationfrontend,auth-secondfactortoken
auth-authorizationfrontend,sites-varnish
auth-authorizationfrontend,users-read
auth-authorizationfrontend,users-varnish
auth-backoffice,search-searchhtml
auth-backoffice,search-sessionapi
auth-fake_sites_frontend,auth-access_token_api
auth-fake_sites_frontend,auth-fake_sites_api-read
auth-fake_sites_frontend,auth-fake_sites_api-write
auth-fake_sites_frontend,auth-loginapi-varnish-ssid
auth-fake_sites_frontend,auth-loginfrontend
auth-fake_sites_frontend,f5-articulo-oldworld
auth-fake_sites_frontend,homes-frontend-web
auth-fake_sites_frontend,mlstatic
auth-fake_sites_frontend,search-searchhtml
auth-fake_sites_frontend,sites-varnish
auth-fake_sites_frontend,users-varnish
auth-fake_sites_frontend,vip-frontend-varnishmlb
auth-fake_sites_frontend,vip-frontendcore
auth-loginapi-read,users-varnish
auth-loginapi-write,users-read
auth-loginapi-write,users-varnish
auth-loginfrontend,-
auth-loginfrontend,applications-api
auth-loginfrontend,auth-access_token_api
auth-loginfrontend,auth-accountrecovery_api
auth-loginfrontend,auth-loginapi-read
auth-loginfrontend,auth-loginapi-varnish-orghash
auth-loginfrontend,auth-loginapi-varnish-ssid
auth-loginfrontend,auth-loginapi-write
auth-loginfrontend,auth-secondfactortoken
auth-loginfrontend,search-searchhtml
auth-loginfrontend,sites-varnish
auth-loginfrontend,users-read
auth-loginfrontend,users-track
auth-loginfrontend,users-varnish
auth-loginfrontend-test,users-varnish
auth-mydata,-
auth-mydata,auth-access_token_api
auth-mydata,auth-loginapi-varnish-orghash
auth-mydata,auth-loginapi-varnish-ssid
auth-mydata,auth-loginapi-write
auth-mydata,auth-secondfactortoken
auth-mydata,locations-varnish
auth-mydata,sites-varnish
auth-mydata,users-read
auth-mydata,users-varnish
auth-oauth_api,applications-api
auth-oauth_api,auth-access_token_api
auth-oauth_api,auth-backoffice
auth-oauth_api,auth-loginapi-read
auth-oauth_api,auth-loginapi-write
auth-oauth_api,users-read
auth-oauth_api,users-varnish
auth-secondfactortoken_backend,users-varnish
auth-secondfactortoken_frontend,-
auth-secondfactortoken_frontend,auth-access_token_api
auth-secondfactortoken_frontend,auth-loginapi-write
auth-secondfactortoken_frontend,auth-secondfactortoken
auth-secondfactortoken_frontend,sites-varnish
auth-secondfactortoken_frontend,users-varnish
auth-smsapi,auth-loginfrontend
auth-smsapi,f5-articulo-oldworld
auth-smsapi,search-searchhtml
auth-smsapi,vip-frontend-varnishmlb
auth-smsapi,vip-frontendcore
auth-smsapi,vip-frontendresto
bigdata-stream-bigqueue,search-searchhtml
bigdata-stream-bigqueue,search-sessionapi
billing-api,auth-access_token_api
billing-api,auth-backoffice
billing-api,feedback-api
billing-api,items-api-read
billing-api,orders-read
billing-api,payments-wrapper-read
billing-api,users-read
billing-api,users-varnish
billing-jobs-esRecovery,billing-api
billing-jobs-esRecovery,billing-search
billing-jobs-publisher,billing-api
billing-jobs-publisher,billing-search
billing-jobs-publisher,payments-pubsub
billing-search,auth-backoffice
bookmarks-api-jobs,items-api-read
bookmarks-api-read,auth-access_token_api
bookmarks-api-read,items-api-read
bookmarks-api-write,auth-access_token_api
bookmarks-api-write,items-api-read
buyingflow-buyEqualsPayJob,f5-articulo-oldworld
buyingflow-buyEqualsPayJob,homes-frontend-web
buyingflow-buyEqualsPayJob,search-searchhtml
buyingflow-buyEqualsPayJob,sites-varnish
buyingflow-buyEqualsPayJob,users-varnish
buyingflow-buyEqualsPayJob,users-write
buyingflow-buyEqualsPayJob,vip-frontend-varnishmlb
buyingflow-buyEqualsPayJob,vip-frontendcore
buyingflow-frontend,auth-access_token_api
buyingflow-frontend,auth-loginapi-read
buyingflow-frontend,auth-loginapi-varnish-orghash
buyingflow-frontend,auth-loginapi-varnish-ssid
buyingflow-frontend,auth-loginapi-write
buyingflow-frontend,checkout-gateway
buyingflow-frontend,email-write
buyingflow-frontend,fraud-ivsapi
buyingflow-frontend,fraud-scoringoff
buyingflow-frontend,items-api-read
buyingflow-frontend,locations-varnish
buyingflow-frontend,orders-paymentOptions_api
buyingflow-frontend,orders-read
buyingflow-frontend,orders-search
buyingflow-frontend,payments-card
buyingflow-frontend,payments-search-read
buyingflow-frontend,payments-wrapper-read
buyingflow-frontend,search-api
buyingflow-frontend,search-urlread
buyingflow-frontend,shipping-addresses
buyingflow-frontend,shipping-addresses-write
buyingflow-frontend,shipping-api-varnish-read
buyingflow-frontend,sites-varnish
buyingflow-frontend,users-read
buyingflow-frontend,users-track
buyingflow-frontend,users-varnish
buyingflow-frontend,users-write
buyingflow-frontend-jenkins,catalog-categoryAttributes-api-read
buyingflow-frontend-jenkins,categories-read
buyingflow-frontend-jenkins,locations-varnish
buyingflow-frontend-jenkins,sites-varnish
buyingflow-frontend-jenkins,users-read
buyingflow-frontend-testcore,auth-access_token_api
buyingflow-frontend-testcore,auth-loginapi-read
buyingflow-frontend-testcore,auth-loginapi-varnish-orghash
buyingflow-frontend-testcore,auth-loginapi-varnish-ssid
buyingflow-frontend-testcore,auth-loginapi-write
buyingflow-frontend-testcore,checkout-gateway
buyingflow-frontend-testcore,fraud-ivsapi
buyingflow-frontend-testcore,fraud-scoringoff
buyingflow-frontend-testcore,items-api-read
buyingflow-frontend-testcore,locations-varnish
buyingflow-frontend-testcore,orders-paymentOptions_api
buyingflow-frontend-testcore,orders-read
buyingflow-frontend-testcore,orders-search
buyingflow-frontend-testcore,payments-card
buyingflow-frontend-testcore,payments-wrapper-read
buyingflow-frontend-testcore,search-api
buyingflow-frontend-testcore,shipping-addresses
buyingflow-frontend-testcore,shipping-api-varnish-read
buyingflow-frontend-testcore,sites-varnish
buyingflow-frontend-testcore,users-read
buyingflow-frontend-testcore,users-track
buyingflow-frontend-testcore,users-varnish
buyingflow-frontend-testmessages,-
buyingflow-frontend-testmessages,auth-access_token_api
buyingflow-frontend-testmessages,auth-loginapi-read
buyingflow-frontend-testmessages,fraud-ivsapi
buyingflow-frontend-testmessages,items-api-read
buyingflow-frontend-testmessages,orders-read
buyingflow-frontend-testmessages,payments-wrapper-read
buyingflow-frontend-testmessages,shipping-api-varnish-read
buyingflow-frontend-testmessages,sites-varnish
buyingflow-frontend-testmessages,users-varnish
buyingflow-frontend-testresto,auth-access_token_api
buyingflow-frontend-testresto,auth-loginapi-read
buyingflow-frontend-testresto,auth-loginapi-varnish-orghash
buyingflow-frontend-testresto,auth-loginapi-varnish-ssid
buyingflow-frontend-testresto,auth-loginapi-write
buyingflow-frontend-testresto,checkout-gateway
buyingflow-frontend-testresto,fraud-ivsapi
buyingflow-frontend-testresto,fraud-scoringoff
buyingflow-frontend-testresto,items-api-read
buyingflow-frontend-testresto,locations-varnish
buyingflow-frontend-testresto,orders-read
buyingflow-frontend-testresto,payments-wrapper-read
buyingflow-frontend-testresto,shipping-api-varnish-read
buyingflow-frontend-testresto,sites-varnish
buyingflow-frontend-testresto,users-read
buyingflow-frontend-testresto,users-varnish
cacique-cacique-rake-jobs,cacique
cacique-cacique-starling,cacique
cacique-cacique-worker,payments-search-read
cacique-graficos-graficos,metricas-totem
cacique-metricas-metclient,payments-search-read
cacique-metricas-metclient,st-totem-graficos
cacique-metricas-metclient,st-totem-granero
cacique-totem_frontend-totem_frontend,metricas-totem
cacique-totem_frontend-totem_frontend,st-recolector-totem
cacique-totem_frontend-totem_frontend,st-totem-graficos
catalog-categoryAttributes-api-read,auth-access_token_api
catalog-gps-job,items-api-multiget
catalog-gps-job,items-api-read
catalog-navigation-jobs,categories-read
catalog-navigation-jobs,items-api-multiget
catalog-navigation-jobs,items-api-read
catalog-navigation-jobs,sites-varnish
catalog-navigation-jobs,users-read
catalog-navigation-read,items-api-multiget
catalog-navigation-read,items-api-read
catalog-navigation-read,sites-varnish
categories-api-jobs,sites-varnish
categories-api-read,auth-access_token_api
categories-api-read,auth-backoffice
categories-api-read,sites-varnish
categories-api-write,auth-access_token_api
categories-api-write,auth-backoffice
categories-api-write,sites-varnish
categories-dumper,categories-read
categories-dumper,locations-varnish
categories-dumper,search-urlread
categories-dumper,sites-varnish
categories-structureUpdate-job,items-api-read
categories-structureUpdate-job,items-api-write
checkout-frontend,-
checkout-frontend,auth-access_token_api
checkout-frontend,auth-loginapi-read
checkout-frontend,auth-loginapi-varnish-orghash
checkout-frontend,auth-loginapi-varnish-ssid
checkout-frontend,auth-loginapi-write
checkout-frontend,checkout-api-flows
checkout-frontend,checkout-api-read
checkout-frontend,checkout-api-write
checkout-frontend,checkout-frontend-jesque
checkout-frontend,checkout-gateway
checkout-frontend,checkout-image
checkout-frontend,checkout-varnish-payment
checkout-frontend,email-write
checkout-frontend,fraud-ivsapi
checkout-frontend,fraud-scoringoff
checkout-frontend,locations-varnish
checkout-frontend,payments-card
checkout-frontend,payments-search-read
checkout-frontend,payments-wrapper-read
checkout-frontend,payments-wrapper-write
checkout-frontend,recurringpayment
checkout-frontend,sites-varnish
checkout-frontend,users-read
checkout-frontend,users-varnish
checkout-frontend,users-write
checkout-frontend-all,-
checkout-frontend-all,auth-access_token_api
checkout-frontend-all,auth-loginapi-read
checkout-frontend-all,checkout-api-flows
checkout-frontend-all,checkout-api-read
checkout-frontend-all,checkout-gateway
checkout-frontend-all,checkout-image
checkout-frontend-all,fraud-ivsapi
checkout-frontend-all,locations-varnish
checkout-frontend-all,payments-search-read
checkout-frontend-all,payments-wrapper-read
checkout-frontend-all,recurringpayment
checkout-frontend-all,sites-varnish
checkout-frontend-all,users-read
checkout-frontend-all,users-varnish
checkout-frontend-alpha,auth-access_token_api
checkout-frontend-alpha,auth-loginapi-read
checkout-frontend-alpha,auth-loginapi-varnish-ssid
checkout-frontend-alpha,checkout-api-flows-beta
checkout-frontend-alpha,checkout-api-read
checkout-frontend-alpha,checkout-frontend-jesque
checkout-frontend-alpha,checkout-gateway
checkout-frontend-alpha,checkout-image
checkout-frontend-alpha,checkout-varnish-payment
checkout-frontend-alpha,email-write
checkout-frontend-alpha,fraud-scoringoff
checkout-frontend-alpha,payments-card
checkout-frontend-alpha,payments-wrapper-preprod
checkout-frontend-alpha,payments-wrapper-read
checkout-frontend-alpha,sites-varnish
checkout-frontend-alpha,users-read
checkout-frontend-alpha,users-varnish
checkout-frontend-beta,auth-access_token_api
checkout-frontend-beta,auth-loginapi-read
checkout-frontend-beta,auth-loginapi-varnish-orghash
checkout-frontend-beta,auth-loginapi-varnish-ssid
checkout-frontend-beta,checkout-api-flows-beta
checkout-frontend-beta,checkout-api-read
checkout-frontend-beta,checkout-frontend-jesque
checkout-frontend-beta,checkout-gateway
checkout-frontend-beta,checkout-image
checkout-frontend-beta,checkout-varnish-payment
checkout-frontend-beta,fraud-scoringoff
checkout-frontend-beta,locations-varnish
checkout-frontend-beta,payments-card
checkout-frontend-beta,payments-wrapper-preprod
checkout-frontend-beta,payments-wrapper-read
checkout-frontend-beta,sites-varnish
checkout-frontend-beta,users-read
checkout-frontend-beta,users-varnish
checkout-frontend-beta,users-write
checkout-frontend-jesque,email-write
checkout-frontend-jesque,payments-wrapper-read
checkout-frontend-newlogin,-
checkout-frontend-newlogin,auth-access_token_api
checkout-frontend-newlogin,auth-loginapi-read
checkout-frontend-newlogin,checkout-api-flows
checkout-frontend-newlogin,checkout-api-read
checkout-frontend-newlogin,checkout-gateway
checkout-frontend-newlogin,fraud-ivsapi
checkout-frontend-newlogin,payments-search-read
checkout-frontend-newlogin,payments-wrapper-read
checkout-frontend-newlogin,recurringpayment
checkout-frontend-newlogin,sites-varnish
checkout-frontend-newlogin,users-read
checkout-frontend-newlogin,users-varnish
checkout-frontend-newloginmlb,-
checkout-frontend-newloginmlb,auth-access_token_api
checkout-frontend-newloginmlb,auth-loginapi-read
checkout-frontend-newloginmlb,checkout-api-read
checkout-frontend-newloginmlb,checkout-gateway
checkout-frontend-newloginmlb,fraud-ivsapi
checkout-frontend-newloginmlb,fraud-scoringoff
checkout-frontend-newloginmlb,payments-search-read
checkout-frontend-newloginmlb,payments-wrapper-read
checkout-frontend-newloginmlb,sites-varnish
checkout-frontend-newloginmlb,users-read
checkout-frontend-newloginmlb,users-varnish
checkout-frontend-resource,auth-access_token_api
checkout-frontend-resource,auth-loginapi-read
checkout-frontend-resource,sites-varnish
checkout-frontend-resource,users-varnish
checkout-frontend-resourceAlpha,auth-access_token_api
checkout-frontend-resourceAlpha,auth-loginapi-read
checkout-frontend-resourceAlpha,sites-varnish
checkout-frontend-resourceAlpha,users-varnish
checkout-frontend-resourceBeta,auth-access_token_api
checkout-frontend-resourceBeta,auth-loginapi-read
checkout-frontend-resourceBeta,sites-varnish
checkout-frontend-resourceBeta,users-varnish
checkout-frontend-sandbox,checkout-sandbox
checkout-frontend-unified,-
checkout-frontend-unified,auth-access_token_api
checkout-frontend-unified,auth-loginapi-read
checkout-frontend-unified,checkout-api-flows
checkout-frontend-unified,checkout-api-read
checkout-frontend-unified,checkout-gateway
checkout-frontend-unified,fraud-ivsapi
checkout-frontend-unified,payments-search-read
checkout-frontend-unified,payments-wrapper-read
checkout-frontend-unified,recurringpayment
checkout-frontend-unified,sites-varnish
checkout-frontend-unified,users-read
checkout-frontend-unified,users-varnish
checkout-frontend-unifiedMD5,-
checkout-frontend-unifiedMD5,checkout-api-flows
checkout-frontend-unifiedMD5,checkout-api-read
checkout-frontend-unifiedMD5,email-read
checkout-frontend-unifiedMD5,fraud-ivsapi
checkout-frontend-unifiedMD5,payments-wrapper-read
checkout-frontend-unifiedMD5,recurringpayment
checkout-frontend-unifiedMD5,sites-varnish
checkout-frontend-unifiedMD5,users-read
checkout-frontend-unifiedsandbox,sites-varnish
checkout-frontend-varnish-paymentMethods,-
checkout-frontend-varnish-paymentMethods,payments-wrapper-read
checkout-frontend-varnish-resource,-
checkout-frontendvariations,auth-access_token_api
checkout-frontendvariations,auth-loginapi-read
checkout-frontendvariations,auth-loginapi-varnish-orghash
checkout-frontendvariations,auth-loginapi-varnish-ssid
checkout-frontendvariations,auth-loginapi-write
checkout-frontendvariations,checkout-api-flows
checkout-frontendvariations,checkout-api-read
checkout-frontendvariations,checkout-api-write
checkout-frontendvariations,checkout-frontend-jesque
checkout-frontendvariations,checkout-gateway
checkout-frontendvariations,checkout-image
checkout-frontendvariations,checkout-varnish-payment
checkout-frontendvariations,email-write
checkout-frontendvariations,fraud-ivsapi
checkout-frontendvariations,fraud-scoringoff
checkout-frontendvariations,locations-varnish
checkout-frontendvariations,payments-card
checkout-frontendvariations,payments-search-read
checkout-frontendvariations,payments-wrapper-read
checkout-frontendvariations,payments-wrapper-write
checkout-frontendvariations,sites-varnish
checkout-frontendvariations,users-read
checkout-frontendvariations,users-varnish
checkout-frontendvariations,users-write
classifieds-motors_prices_frontend,classifieds-motors_prices
classifieds-syifrontend,auth-access_token_api
classifieds-syifrontend,auth-loginapi-varnish-orghash
classifieds-syifrontend,catalog-categoryAttributes-api-read
classifieds-syifrontend,categories-read
classifieds-syifrontend,items-api-read
classifieds-syifrontend,items-api-uploader
classifieds-syifrontend,items-api-write
classifieds-syifrontend,locations-varnish
classifieds-syifrontend,sites-varnish
classifieds-syifrontend,users-read
classifieds-syifrontend,users-varnish
classifieds-syifrontend-gz.medium,auth-access_token_api
classifieds-syifrontend-gz.medium,auth-loginapi-varnish-orghash
classifieds-syifrontend-gz.medium,catalog-categoryAttributes-api-read
classifieds-syifrontend-gz.medium,categories-read
classifieds-syifrontend-gz.medium,items-api-read
classifieds-syifrontend-gz.medium,locations-varnish
classifieds-syifrontend-gz.medium,sites-varnish
classifieds-syifrontend-gz.medium,users-read
classifieds-syifrontend-gz.medium,users-varnish
conciliador-apisub,f5-articulo-oldworld
conciliador-apisub,homes-frontend-web
conciliador-apisub,search-searchhtml
conciliador-apisub,search-sessionapi
conciliador-apisub,vip-frontend-varnishmlb
conciliador-apisub,vip-frontendcore
conciliador-apisub,vip-frontendjersey
conciliador-jobs-jwebserver,account-pricing
conciliador-jobs-jwebserver,billing-api
conciliador-jobs-jwebserver,itsap-customer-test-api
conciliador-jobs-jwebserver,payments-wrapper-read
conciliador-jobs-jwebserver,users-varnish
crm-adapters,account-api
crm-adapters,auth-access_token_api
crm-adapters,auth-backoffice
crm-adapters,billing-api
crm-adapters,billing-search
crm-adapters,categories-read
crm-adapters,crm-adapters
crm-adapters,crm-api
crm-adapters,f5-articulo-oldworld
crm-adapters,feedback-api
crm-adapters,fraud-listapi
crm-adapters,fraud-mediation
crm-adapters,fraud-scoringadminapi
crm-adapters,items-api-multiget
crm-adapters,items-api-read
crm-adapters,locations-varnish
crm-adapters,mlstatic
crm-adapters,myml-itemsqueries
crm-adapters,orders-read
crm-adapters,payments-search-read
crm-adapters,payments-wrapper-read
crm-adapters,prices-read
crm-adapters,search-api
crm-adapters,search-searchhtml
crm-adapters,shipping-api-varnish-read
crm-adapters,users-read
crm-adapters,users-varnish
crm-adapters,vip-frontend-varnishmlb
crm-adapters,vip-frontendcore
crm-adapters-beta,auth-access_token_api
crm-adapters-beta,auth-backoffice
crm-adapters-beta,billing-api
crm-adapters-beta,crm-api
crm-adapters-beta,feedback-api
crm-adapters-beta,fraud-listapi
crm-adapters-beta,items-api-read
crm-adapters-beta,orders-search
crm-adapters-beta,payments-wrapper-read
crm-adapters-beta,users-read
crm-adapters-beta,users-varnish
crm-api,auth-access_token_api
crm-api,auth-backoffice
crm-api,billing-api
crm-api,crm-adapters
crm-api,crm-api
crm-api,feedback-api
crm-api,fraud-ivsapi
crm-api,items-api-multiget
crm-api,locations-varnish
crm-api,myml-itemsqueries
crm-api,payments-wrapper-read
crm-api,users-read
crm-api,users-varnish
crm-jobs-jobs,billing-api
crm-jobs-jobs,crm-adapters
crm-jobs-jobs,crm-api
crm-jobs-jobs,feedback-api
crm-jobs-jobs,payments-search-read
crm-jobs-jobs,users-read
crm-sso,auth-backoffice
crm-sso,auth-oauth_api
crm-ticketsSubscriber,crm-api
crm-workers-publishers,payments-pubsub
dba-mysql-small-SLAVE_titan,f5-articulo-oldworld
dba-mysql-small-SLAVE_titan,homes-frontend-web
dba-mysql-small-SLAVE_titan,search-searchhtml
dba-mysql-small-SLAVE_titan,vip-frontend-varnishall
dba-mysql-small-SLAVE_titan,vip-frontendclassif
dod-schedule,dod-api
dod-schedule,email-write
dod-schedule,locations-varnish
dod-schedule,sites-varnish
emails-api,locations-varnish
emails-api,sites-varnish
emails-api,users-read
emails-api-read,locations-varnish
emails-api-read,sites-varnish
emails-api-read,users-read
emails-api-test,locations-varnish
emails-api-test,sites-varnish
emails-api-test,users-read
emails-api-write,locations-varnish
emails-api-write,sites-varnish
emails-api-write,users-read
feedback-api,auth-access_token_api
feedback-api,auth-backoffice
feedback-api,items-api-read
feedback-wrapperApi-read,auth-access_token_api
feedback-wrapperApi-read,orders-read
feedback-wrapperApi-write,auth-access_token_api
feedback-wrapperApi-write,orders-read
feeds-feeds-activity,auth-access_token_api
feeds-feeds-processor,applications-api
feeds-feeds-sender,feeds-feeds-verificator
feeds-feeds-sender-retry,feeds-feeds-verificator
feeds-feeds-verificator,feeds-feeds-api
fraud-claim,auth-access_token_api
fraud-claim,auth-backoffice
fraud-claim,billing-api
fraud-claim,fraud-mediation
fraud-claim,orders-read
fraud-claim,payments-wrapper-read
fraud-claim,users-varnish
fraud-cross-background,auth-backoffice
fraud-cross-beta,search-searchhtml
fraud-cross-beta,search-sessionapi
fraud-cross-version2,auth-backoffice
fraud-crossConsumer,f5-articulo-oldworld
fraud-crossConsumer,fraud-crossesbackb
fraud-crossConsumer,fraud-crossesbackh
fraud-crossConsumer,fraud-crossesv2b
fraud-crossConsumer,fraud-crossesv2h
fraud-crossConsumer,search-sessionapi
fraud-crossConsumer,sites-varnish
fraud-crossConsumer,users-varnish
fraud-crossConsumer,vip-frontend-varnishmlb
fraud-crossConsumer,vip-frontendcore
fraud-fraudListApi-prod,auth-access_token_api
fraud-fraudListApi-prod,auth-backoffice
fraud-ivsserviceapi-beta,auth-loginapi-read
fraud-ivsserviceapi-beta,f5-articulo-oldworld
fraud-ivsserviceapi-beta,search-searchhtml
fraud-ivsserviceapi-beta,search-sessionapi
fraud-ivsserviceapi-beta,users-read
fraud-ivsserviceapi-beta,vip-frontendmcoclassif
fraud-ivsserviceapi-PROD,auth-loginapi-read
fraud-ivsserviceapi-PROD,auth-loginapi-write
fraud-ivsserviceapi-PROD,users-read
fraud-ivsservicefront-beta,auth-access_token_api
fraud-ivsservicefront-beta,cards
fraud-ivsservicefront-beta,fraud-ivsapi
fraud-ivsservicefront-beta,payments-search-read
fraud-ivsservicefront-beta,sites-varnish
fraud-ivsservicefront-beta,users-read
fraud-ivsservicefront-beta,users-varnish
fraud-ivsservicefront-PROD,auth-access_token_api
fraud-ivsservicefront-PROD,auth-loginapi-varnish-orghash
fraud-ivsservicefront-PROD,auth-loginapi-varnish-ssid
fraud-ivsservicefront-PROD,auth-loginapi-write
fraud-ivsservicefront-PROD,cards
fraud-ivsservicefront-PROD,fraud-ivsapi
fraud-ivsservicefront-PROD,payments-search-read
fraud-ivsservicefront-PROD,sites-varnish
fraud-ivsservicefront-PROD,users-read
fraud-ivsservicefront-PROD,users-varnish
fraud-MlItems-consumer-prod,items-api-read
fraud-MlItems-es-prod,search-searchhtml
fraud-MlItems-es-prod,vip-frontend-varnishmlb
fraud-MlItems-es-prod,vip-frontendcore
fraud-scoringadminapi,auth-access_token_api
fraud-scoringadminapi,auth-backoffice
fraud-scoringapi,-
fraud-scoringapi,categories-read
fraud-scoringapi,fraud-crossesv2b
fraud-scoringapi,fraud-crossesv2h
fraud-scoringapi,fraud-listapi
fraud-scoringapi,fraud-scoringoff
fraud-scoringapi,fraud-scoringspn
fraud-scoringapi,items-api-read
fraud-scoringapi,payments-search-read
fraud-scoringapi,payments-wrapper-read
fraud-scoringapi,questions-api-read
fraud-scoringapi,sites-varnish
fraud-scoringapi,users-read
fraud-scoringapi,users-restriction-api
fraud-scoringapi,users-varnish
fraud-scoringapi-beta,-
fraud-scoringapi-beta,fraud-listapi
fraud-scoringapi-beta,fraud-scoringoff
fraud-scoringapi-beta,fraud-scoringspn
fraud-scoringapi-beta,payments-search-read
fraud-scoringapi-beta,sites-varnish
fraud-scoringapi-beta,users-restriction-api
fraud-scoringapi-beta,users-varnish
fraud-scoringapi-beta,vip-frontendcore
fraud-scoringjobs-prod,-
fraud-scoringjobs-prod,crm-api
fraud-scoringjobs-prod,email-read
fraud-scoringjobs-prod,fraud-crossconsumer
fraud-scoringjobs-prod,fraud-crossesbackb
fraud-scoringjobs-prod,fraud-crossesbackh
fraud-scoringjobs-prod,fraud-crossesv2b
fraud-scoringjobs-prod,fraud-crossesv2h
fraud-scoringjobs-prod,fraud-scoringoff
fraud-scoringjobs-prod,sites-varnish
fraud-scoringjobs-prod,users-read
fraud-scoringjobs-prod,users-varnish
fraud-scoringoff,categories-read
fraud-scoringoff,crm-api
fraud-scoringoff,fraud-listapi
fraud-scoringoff,items-api-read
fraud-scoringoff,orders-read
fraud-scoringoff,payments-search-read
fraud-scoringoff,sites-varnish
fraud-scoringoff,users-read
fraud-scoringoff,users-restriction-api
fraud-scoringoff,users-varnish
fraud-scoringoff-beta,categories-read
fraud-scoringoff-beta,crm-api
fraud-scoringoff-beta,fraud-listapi
fraud-scoringoff-beta,items-api-read
fraud-scoringoff-beta,orders-read
fraud-scoringoff-beta,payments-search-read
fraud-scoringoff-beta,sites-varnish
fraud-scoringoff-beta,users-restriction-api
fraud-scoringoff-beta,users-varnish
fraud-validationservice-PROD,-
fraud-validationservice-PROD,auth-access_token_api
fraud-validationservice-PROD,auth-loginapi-varnish-orghash
fraud-validationservice-PROD,auth-loginapi-write
fraud-validationservice-PROD,crm-api
fraud-validationservice-PROD,fraud-ivsapi
fraud-validationservice-PROD,fraud-validationserviceapi-PROD
fraud-validationservice-PROD,sites-varnish
fraud-validationservice-PROD,users-read
fraud-validationservice-PROD,users-varnish
fraud-validationserviceapi-PROD,billing-api
fraud-validationserviceapi-PROD,crm-api
fraud-validationserviceapi-PROD,social-api
fraud-validationserviceapi-PROD,users-varnish
gateway-apibackoffice,auth-access_token_api
gateway-apibackoffice,auth-backoffice
gateway-apiinternalcards,users-read
gateway-monitorfrontend,payments-search-read
hadoop-melidoop-hue,f5-articulo-oldworld
hadoop-melidoop-hue,search-searchhtml
hadoop-melidoop-hue,vip-frontend-varnishall
hadoop-melidoop-hue,vip-frontendcore
hadoop-melidoop-hue,vip-frontendjersey
homes-api-jobs,categories-read
homes-api-jobs,items-api-read
homes-api-jobs,search-api
homes-api-jobs,sites-varnish
homes-api-read,auth-access_token_api
homes-api-read,categories-read
homes-api-read,items-api-multiget
homes-api-read,items-api-read
homes-api-read,search-api
homes-api-read,sites-varnish
homes-api-write,categories-read
homes-api-write,items-api-read
homes-api-write,search-api
homes-api-write,sites-varnish
homes-frontend-web,auth-access_token_api
homes-frontend-web,auth-loginapi-write
homes-frontend-web,categories-read
homes-frontend-web,categories-recommendations
homes-frontend-web,categories-recommendations-others
homes-frontend-web,dod-api
homes-frontend-web,homes-api-read
homes-frontend-web,items-api-multiget
homes-frontend-web,items-api-read
homes-frontend-web,locations-varnish
homes-frontend-web,orders-search
homes-frontend-web,questions-api-read
homes-frontend-web,search-urlread
homes-frontend-web,sites-varnish
homes-frontend-web,users-read
homes-frontend-web,users-varnish
homes-frontend-web-categ_mla,auth-access_token_api
homes-frontend-web-categ_mla,catalog-navigation-reviews
homes-frontend-web-categ_mla,categories-read
homes-frontend-web-categ_mla,categories-recommendations
homes-frontend-web-categ_mla,homes-api-read
homes-frontend-web-categ_mla,items-api-multiget
homes-frontend-web-categ_mla,items-api-read
homes-frontend-web-categ_mla,locations-varnish
homes-frontend-web-categ_mla,questions-api-read
homes-frontend-web-categ_mla,search-api
homes-frontend-web-categ_mla,search-urlread
homes-frontend-web-categ_mla,sites-varnish
homes-frontend-web-categ_mla,users-read
homes-frontend-web-categ_mla,users-varnish
homes-frontend-web-categ_mlb,auth-access_token_api
homes-frontend-web-categ_mlb,catalog-navigation-reviews
homes-frontend-web-categ_mlb,categories-read
homes-frontend-web-categ_mlb,categories-recommendations
homes-frontend-web-categ_mlb,homes-api-read
homes-frontend-web-categ_mlb,items-api-multiget
homes-frontend-web-categ_mlb,items-api-read
homes-frontend-web-categ_mlb,locations-varnish
homes-frontend-web-categ_mlb,questions-api-read
homes-frontend-web-categ_mlb,search-api
homes-frontend-web-categ_mlb,search-urlread
homes-frontend-web-categ_mlb,sites-varnish
homes-frontend-web-categ_mlb,users-read
homes-frontend-web-categ_mlb,users-varnish
homes-frontend-web-categ_mlm,auth-access_token_api
homes-frontend-web-categ_mlm,catalog-navigation-reviews
homes-frontend-web-categ_mlm,categories-read
homes-frontend-web-categ_mlm,categories-recommendations
homes-frontend-web-categ_mlm,categories-recommendations-others
homes-frontend-web-categ_mlm,homes-api-read
homes-frontend-web-categ_mlm,items-api-multiget
homes-frontend-web-categ_mlm,items-api-read
homes-frontend-web-categ_mlm,locations-varnish
homes-frontend-web-categ_mlm,questions-api-read
homes-frontend-web-categ_mlm,search-api
homes-frontend-web-categ_mlm,search-urlread
homes-frontend-web-categ_mlm,sites-varnish
homes-frontend-web-categ_mlm,users-read
homes-frontend-web-categ_mlm,users-varnish
homes-frontend-web-categ_resto,auth-access_token_api
homes-frontend-web-categ_resto,catalog-api-navigation
homes-frontend-web-categ_resto,categories-read
homes-frontend-web-categ_resto,categories-recommendations
homes-frontend-web-categ_resto,categories-recommendations-others
homes-frontend-web-categ_resto,homes-api-read
homes-frontend-web-categ_resto,items-api-multiget
homes-frontend-web-categ_resto,items-api-read
homes-frontend-web-categ_resto,locations-varnish
homes-frontend-web-categ_resto,questions-api-read
homes-frontend-web-categ_resto,search-api
homes-frontend-web-categ_resto,search-urlread
homes-frontend-web-categ_resto,sites-varnish
homes-frontend-web-categ_resto,users-read
homes-frontend-web-categ_resto,users-varnish
homes-frontend-web-demo,auth-access_token_api
homes-frontend-web-demo,categories-read
homes-frontend-web-demo,categories-recommendations
homes-frontend-web-demo,homes-api-read
homes-frontend-web-demo,items-api-read
homes-frontend-web-demo,locations-varnish
homes-frontend-web-demo,questions-api-read
homes-frontend-web-demo,search-urlread
homes-frontend-web-demo,sites-varnish
homes-frontend-web-demo,users-read
homes-frontend-web-demo,users-varnish
homes-frontend-web-jobs,auth-access_token_api
homes-frontend-web-jobs,catalog-api-navigation
homes-frontend-web-jobs,catalog-navigation-reviews
homes-frontend-web-jobs,categories-read
homes-frontend-web-jobs,categories-recommendations
homes-frontend-web-jobs,homes-api-read
homes-frontend-web-jobs,items-api-read
homes-frontend-web-jobs,locations-varnish
homes-frontend-web-jobs,payments-wrapper-read
homes-frontend-web-jobs,questions-api-read
homes-frontend-web-jobs,search-api
homes-frontend-web-jobs,search-urlread
homes-frontend-web-jobs,sites-varnish
homes-frontend-web-jobs,users-read
homes-frontend-web-jobs,users-varnish
homes-frontend-web-labs,auth-access_token_api
homes-frontend-web-labs,categories-read
homes-frontend-web-labs,categories-recommendations
homes-frontend-web-labs,homes-api-read
homes-frontend-web-labs,items-api-multiget
homes-frontend-web-labs,items-api-read
homes-frontend-web-labs,locations-varnish
homes-frontend-web-labs,orders-search
homes-frontend-web-labs,questions-api-read
homes-frontend-web-labs,search-urlread
homes-frontend-web-labs,sites-varnish
homes-frontend-web-labs,users-read
homes-frontend-web-labs,users-varnish
homes-frontend-web-mco_rola,auth-access_token_api
homes-frontend-web-mco_rola,billing-api
homes-frontend-web-mco_rola,categories-read
homes-frontend-web-mco_rola,categories-recommendations
homes-frontend-web-mco_rola,categories-recommendations-others
homes-frontend-web-mco_rola,homes-api-read
homes-frontend-web-mco_rola,items-api-multiget
homes-frontend-web-mco_rola,items-api-read
homes-frontend-web-mco_rola,locations-varnish
homes-frontend-web-mco_rola,orders-search
homes-frontend-web-mco_rola,questions-api-read
homes-frontend-web-mco_rola,search-api
homes-frontend-web-mco_rola,search-urlread
homes-frontend-web-mco_rola,sites-varnish
homes-frontend-web-mco_rola,users-read
homes-frontend-web-mco_rola,users-varnish
homes-frontend-web-static,auth-access_token_api
homes-frontend-web-static,auth-loginapi-write
homes-frontend-web-static,categories-read
homes-frontend-web-static,categories-recommendations
homes-frontend-web-static,homes-api-read
homes-frontend-web-static,homes-frontend-web-categ_mla
homes-frontend-web-static,homes-frontend-web-categ_mlb
homes-frontend-web-static,homes-frontend-web-categ_mlm
homes-frontend-web-static,homes-frontend-web-categ_resto
homes-frontend-web-static,items-api-read
homes-frontend-web-static,locations-varnish
homes-frontend-web-static,questions-api-read
homes-frontend-web-static,search-api
homes-frontend-web-static,search-searchhtml
homes-frontend-web-static,search-urlread
homes-frontend-web-static,sites-varnish
homes-frontend-web-static,users-read
homes-frontend-web-static,users-varnish
homes-frontend-web_roca,auth-access_token_api
homes-frontend-web_roca,categories-read
homes-frontend-web_roca,categories-recommendations
homes-frontend-web_roca,categories-recommendations-others
homes-frontend-web_roca,homes-api-read
homes-frontend-web_roca,items-api-multiget
homes-frontend-web_roca,items-api-read
homes-frontend-web_roca,locations-varnish
homes-frontend-web_roca,orders-search
homes-frontend-web_roca,questions-api-read
homes-frontend-web_roca,search-urlread
homes-frontend-web_roca,sites-varnish
homes-frontend-web_roca,users-read
homes-frontend-web_roca,users-varnish
irecognition-imageprocessing-ActiveItemConsumer-s1,imagefront-web
irecognition-imageprocessing-FrontLine,items-api-read
irecognition-imageprocessing-Worker,imagefront-web
items-api-jobs,catalog-api-mapings
items-api-jobs,catalog-categoryAttributes-api-read
items-api-jobs,categories-read
items-api-jobs,locations-varnish
items-api-jobs,prices-read
items-api-jobs,shipping-addresses
items-api-jobs,sites-varnish
items-api-jobs,users-read
items-api-memcached-read,search-searchhtml
items-api-migrationJobs,catalog-categoryAttributes-api-read
items-api-migrationJobs,categories-read
items-api-migrationJobs,locations-varnish
items-api-migrationJobs,shipping-addresses
items-api-migrationJobs,shipping-addresses-write
items-api-migrationJobs,sites-varnish
items-api-migrationJobs,users-read
items-api-multiget,auth-access_token_api
items-api-multiget,auth-backoffice
items-api-multiget,catalog-categoryAttributes-api-read
items-api-multiget,categories-read
items-api-multiget,locations-varnish
items-api-multiget,shipping-addresses
items-api-multiget,sites-varnish
items-api-multiget,users-read
items-api-read,auth-access_token_api
items-api-read,auth-backoffice
items-api-read,auth-loginfrontend
items-api-read,catalog-categoryAttributes-api-read
items-api-read,categories-read
items-api-read,homes-frontend-web
items-api-read,locations-varnish
items-api-read,prices-read
items-api-read,shipping-addresses
items-api-read,sites-varnish
items-api-read,users-read
items-api-test,catalog-categoryAttributes-api-read
items-api-test,categories-read
items-api-test,locations-varnish
items-api-test,sites-varnish
items-api-test,users-read
items-api-uploader,auth-access_token_api
items-api-uploader,catalog-categoryAttributes-api-read
items-api-uploader,categories-read
items-api-uploader,locations-varnish
items-api-uploader,sites-varnish
items-api-uploader,users-read
items-api-videosJobs,catalog-categoryAttributes-api-read
items-api-videosJobs,categories-read
items-api-videosJobs,locations-varnish
items-api-videosJobs,prices-read
items-api-videosJobs,sites-varnish
items-api-videosJobs,users-read
items-api-workers,catalog-categoryAttributes-api-read
items-api-workers,categories-read
items-api-workers,feeds-feeds-api
items-api-workers,locations-varnish
items-api-workers,questions-api-write
items-api-workers,sites-varnish
items-api-workers,users-read
items-api-write,auth-access_token_api
items-api-write,auth-backoffice
items-api-write,billing-api
items-api-write,catalog-api-products
items-api-write,catalog-categoryAttributes-api-read
items-api-write,categories-read
items-api-write,locations-varnish
items-api-write,mlstatic
items-api-write,prices-read
items-api-write,shipping-addresses
items-api-write,shipping-addresses-write
items-api-write,sites-varnish
items-api-write,users-read
items-api-write,vip-frontendcore
items-visits-jobs,items-api-read
items-visits-read,items-api-read
itsap-interface,billing-api
itsap-interface-jobs-BILLSPRD,billing-api
itsap-interface-jobs-BILLSPRD,crm-adapters
itsap-interface-jobs-BILLSPRD,users-read
itsap-interface-jobs-GENERAL,email-write
locations-api-read,auth-access_token_api
mclics-adminsearch-slave,homes-frontend-web
mclics-adminsearch-slave,mclics-adminsearch
mclics-adminsearch-slave,search-sessionapi
mclics-adsearch-adsearch,mclics-adsdelivery
mclics-adsearch-adsearch,mclics-jerseyapi
mclics-frontend,auth-access_token_api
mclics-frontend,auth-loginapi-varnish-orghash
mclics-frontend,auth-loginapi-varnish-ssid
mclics-frontend,auth-loginapi-write
mclics-frontend,categories-read
mclics-frontend,items-api-read
mclics-frontend,locations-varnish
mclics-frontend,mclics-jerseyapi
mclics-frontend,mclics-jerseyapi-metrics
mclics-frontend,sites-varnish
mclics-frontend,users-read
mclics-frontend,users-varnish
mclics-frontend-beta,auth-access_token_api
mclics-frontend-beta,categories-read
mclics-frontend-beta,items-api-read
mclics-frontend-beta,locations-varnish
mclics-frontend-beta,mclics-jerseyapi
mclics-frontend-beta,sites-varnish
mclics-frontend-beta,users-varnish
mclics-frontend-MLX,auth-access_token_api
mclics-frontend-MLX,categories-read
mclics-frontend-MLX,items-api-read
mclics-frontend-MLX,locations-varnish
mclics-frontend-MLX,mclics-jerseyapi
mclics-frontend-MLX,sites-varnish
mclics-frontend-MLX,users-varnish
mclics-frontend-test,auth-access_token_api
mclics-frontend-test,categories-read
mclics-frontend-test,items-api-read
mclics-frontend-test,locations-varnish
mclics-frontend-test,mclics-jerseyapi-beta
mclics-frontend-test,sites-varnish
mclics-frontend-test,users-varnish
mclics-frontend-test2,auth-access_token_api
mclics-frontend-test2,categories-read
mclics-frontend-test2,items-api-read
mclics-frontend-test2,locations-varnish
mclics-frontend-test2,mclics-jerseyapi-beta
mclics-frontend-test2,sites-varnish
mclics-frontend-test2,users-varnish
mclics-labs,st-totem-graficos
mclics-labs,st-totem-granero
melicard-frontend,auth-access_token_api
melicard-frontend,sites-varnish
melicard-frontend,users-varnish
melipayments-rpApi,auth-backoffice
melipayments-rpApi,users-varnish
melipayments-rpJobs,billing-api
melipayments-rpJobs,email-write
melipayments-rpJobs,payments-search-read
melipayments-rpJobs,payments-wrapper-read
melipayments-rpJobs,payments-wrapper-write
melipayments-rpJobs,users-varnish
melipayments-rpPaymentsSubscriber,cards
melipayments-rpPaymentsSubscriber,payments-wrapper-read
messages-api-api-jobs,moderations
messages-api-api-jobs,users-read
messages-api-api-read,users-read
messages-api-api-test,moderations
messages-api-api-test,users-read
messages-api-api-write,users-read
messages-feed_consumer-consumer-workers,users-read
messages-feed_consumer-consumer-workers,users-write
messages-smtp_processor_server-smtp_processor_server,users-read
messages-smtp_processor_server-smtp_processor_server-test,users-read
messages-sqs-mail_sender_processor,email-write
messages-sqs-mail_sender_processor,messages-api-read
messages-sqs-mail_sender_processor,moderations
messages-sqs-mail_sender_processor,sites-varnish
messages-sqs-mail_sender_processor,users-read
messages-sqs-mail_sender_processor-test,sites-varnish
mktimgs-lamp,search-api
moderations-jobs-moderationsKeepconJobs-job_receive_ITM,moderations
moderations-jobs-moderationsKeepconJobs-job_receive_QUE,moderations
moderations-jobs-moderationsKeepconJobs-job_send_ITM_hispa1,moderations
moderations-jobs-moderationsKeepconJobs-job_send_ITM_hispa2,moderations
moderations-jobs-moderationsKeepconJobs-job_send_QUE_hispa1,moderations-api-jobs
moderations-jobs-moderationsKeepconJobs-job_send_QUE_hispa2,moderations-api-jobs
moderations-jobs-moderationsKeepconJobs-job_send_QUE_port1,moderations-api-jobs
moderations-jobs-receiveMessagesJob,moderations
moderations-jobs-sendMessagesJob,moderations
mpsitetool-apicho-beta,payments-wrapper-read
mpsitetool-apicho-beta,recurringpayment
mpsitetool-apicho-beta,sites-varnish
mpsitetool-apicho-beta,users-read
mpsitetool-apicho-read,auth-access_token_api
mpsitetool-apicho-read,payments-wrapper-read
mpsitetool-apicho-read,recurringpayment
mpsitetool-apicho-read,sites-varnish
mpsitetool-apicho-read,users-varnish
mpsitetool-apicho-write,auth-access_token_api
mpsitetool-apicho-write,payments-wrapper-read
mpsitetool-apicho-write,recurringpayment
mpsitetool-apicho-write,sites-varnish
mpsitetool-apicho-write,users-read
mpsitetool-apicho-write,users-varnish
mpsitetool-devsite,locations-varnish
mpsitetool-devsite-BETA,locations-varnish
mpsitetool-mpreg,auth-access_token_api
mpsitetool-mpreg,auth-loginapi-read
mpsitetool-mpreg,auth-loginapi-varnish-orghash
mpsitetool-mpreg,auth-loginapi-varnish-ssid
mpsitetool-mpreg,locations-varnish
mpsitetool-mpreg,sites-varnish
mpsitetool-mpreg,users-read
mpsitetool-mpreg,users-varnish
mpsitetool-mpreg,users-write
mpsitetool-mpreg-BETA,auth-access_token_api
mpsitetool-mpreg-BETA,auth-loginapi-read
mpsitetool-mpreg-BETA,locations-varnish
mpsitetool-mpreg-BETA,sites-varnish
mpsitetool-mpreg-BETA,users-read
mpsitetool-mpreg-BETA,users-varnish
mpsitetool-tools,applications-api
mpsitetool-tools,auth-access_token_api
mpsitetool-tools,auth-loginapi-varnish-orghash
mpsitetool-tools,auth-loginapi-varnish-ssid
mpsitetool-tools,checkout-api-read
mpsitetool-tools,checkout-api-write
mpsitetool-tools,payments-ipn
mpsitetool-tools,payments-search-read
mpsitetool-tools,payments-wrapper-read
mpsitetool-tools,sites-varnish
mpsitetool-tools,users-read
mpsitetool-tools,users-varnish
mpsitetool-tools,users-write
mpsitetool-tools-BETA,applications-api
mpsitetool-tools-BETA,auth-access_token_api
mpsitetool-tools-BETA,checkout-api-read
mpsitetool-tools-BETA,payments-ipn
mpsitetool-tools-BETA,payments-search-read
mpsitetool-tools-BETA,payments-wrapper-read
mpsitetool-tools-BETA,sites-varnish
mpsitetool-tools-BETA,users-read
mpsitetool-tools-BETA,users-varnish
mshops-frontends-webcontainer,auth-loginapi-read
mshops-frontends-webcontainer,auth-loginapi-varnish-orghash
mshops-frontends-webcontainer,items-api-read
mshops-frontends-webcontainer,items-api-uploader
mshops-frontends-webcontainer,items-api-write
mshops-frontends-webcontainer,locations-varnish
mshops-frontends-webcontainer,mclics-jerseyapi
mshops-frontends-webcontainer,mclics-jerseyapi-metrics
mshops-frontends-webcontainer,myml-itemsqueries
mshops-frontends-webcontainer,prices-read
mshops-frontends-webcontainer,sites-varnish
mshops-frontends-webcontainer,users-read
mshops-frontends-webcontainer,users-write
mshops-jobs-melisync,categories-read
mshops-jobs-melisync,items-api-read
mshops-jobs-melisync,sites-varnish
myml-frontend-webcache,f5-articulo-oldworld
myml-frontend-webcache,homes-frontend-web
myml-frontend-webcache,search-searchhtml
myml-frontend-webcache,vip-frontend-varnishmlb
myml-frontend-webcache,vip-frontendcore
myml-frontends,auth-access_token_api
myml-frontends,auth-loginapi-varnish-orghash
myml-frontends,auth-loginapi-varnish-ssid
myml-frontends,auth-loginapi-write
myml-frontends,auth-loginfrontend
myml-frontends,billing-api
myml-frontends,catalog-categoryAttributes-api-read
myml-frontends,categories-read
myml-frontends,f5-articulo-oldworld
myml-frontends,homes-frontend-web
myml-frontends,items-api-multiget
myml-frontends,items-api-read
myml-frontends,items-api-write
myml-frontends,items-visits-read
myml-frontends,locations-varnish
myml-frontends,myml-itemsqueries
myml-frontends,prices-read
myml-frontends,questions-api-read
myml-frontends,search-searchhtml
myml-frontends,sites-varnish
myml-frontends,users-read
myml-frontends,users-varnish
myml-frontends,vip-frontendclassif
myml-frontends,vip-frontendcore
myml-frontends-static,auth-access_token_api
myml-frontends-static,auth-loginapi-varnish-orghash
myml-frontends-static,auth-loginapi-varnish-ssid
myml-frontends-static,auth-loginapi-write
myml-frontends-static,billing-api
myml-frontends-static,catalog-categoryAttributes-api-read
myml-frontends-static,categories-read
myml-frontends-static,items-api-multiget
myml-frontends-static,items-api-read
myml-frontends-static,items-api-write
myml-frontends-static,items-visits-read
myml-frontends-static,locations-varnish
myml-frontends-static,myml-itemsqueries
myml-frontends-static,prices-read
myml-frontends-static,questions-api-read
myml-frontends-static,sites-varnish
myml-frontends-static,users-read
myml-frontends-static,users-varnish
myml-frontends-test,auth-access_token_api
myml-frontends-test,auth-loginapi-varnish-orghash
myml-frontends-test,auth-loginapi-varnish-ssid
myml-frontends-test,auth-loginapi-write
myml-frontends-test,billing-api
myml-frontends-test,categories-read
myml-frontends-test,f5-articulo-oldworld
myml-frontends-test,homes-frontend-web
myml-frontends-test,items-api-multiget
myml-frontends-test,items-api-read
myml-frontends-test,items-visits-read
myml-frontends-test,locations-varnish
myml-frontends-test,mlstatic
myml-frontends-test,myml-itemsqueries
myml-frontends-test,prices-read
myml-frontends-test,questions-api-read
myml-frontends-test,search-searchhtml
myml-frontends-test,sites-varnish
myml-frontends-test,users-read
myml-frontends-test,users-varnish
myml-frontends-test,vip-frontend-varnishmlb
myml-frontends-test,vip-frontendcore
myml-frontends-test,vip-frontendjersey
myml-itemsqueries-item-news-consumer,items-api-read
myml-itemsqueries-item-news-consumer,sites-varnish
myml-itemsqueries-item-news-consumer-backup,items-api-read
myml-itemsqueries-item-news-consumer-backup,sites-varnish
myml-itemsqueries-searchapi,auth-access_token_api
myml-itemsqueries-searchapi,auth-backoffice
myml-menu-api,f5-articulo-oldworld
myml-menu-api,homes-frontend-web
myml-menu-api,locations-varnish
myml-menu-api,search-searchhtml
myml-menu-api,search-sessionapi
myml-menu-api,sites-varnish
myml-menu-api,users-read
myml-menu-api,vip-frontend-varnishmlb
myml-menu-api,vip-frontendcore
myml-menuapi,locations-varnish
myml-menuapi,sites-varnish
myml-menuapi,users-read
myml-menuapi,users-varnish
myml-questions,auth-access_token_api
myml-questions,auth-loginapi-varnish-orghash
myml-questions,auth-loginapi-varnish-ssid
myml-questions,auth-loginapi-write
myml-questions,auth-loginfrontend
myml-questions,categories-read
myml-questions,f5-articulo-oldworld
myml-questions,items-api-multiget
myml-questions,items-api-read
myml-questions,mlstatic
myml-questions,prices-read
myml-questions,questions-api-read
myml-questions,questions-api-write
myml-questions,search-searchhtml
myml-questions,sites-varnish
myml-questions,users-read
myml-questions,users-varnish
myml-questions,vip-frontend-varnishmlb
myml-questions,vip-frontendclassif
myml-questions,vip-frontendcore
myml-questions,vip-frontendresto
myml-questions-test,auth-access_token_api
myml-questions-test,auth-loginapi-varnish-orghash
myml-questions-test,auth-loginapi-varnish-ssid
myml-questions-test,auth-loginapi-write
myml-questions-test,categories-read
myml-questions-test,items-api-read
myml-questions-test,questions-api-read
myml-questions-test,sites-varnish
myml-questions-test,users-read
myml-questions-test,users-varnish
myml-sales,auth-access_token_api
myml-sales,auth-loginapi-varnish-orghash
myml-sales,auth-loginapi-write
myml-sales,feedback-wrapperapi-read
myml-sales,myml-menu-api
myml-sales,myml-questions
myml-sales,orders-read
myml-sales,orders-search
myml-sales,questions-api-read
myml-sales,sites-varnish
myml-sales,users-read
myml-sales,users-varnish
myml-sales-test,auth-access_token_api
myml-sales-test,auth-loginapi-varnish-orghash
myml-sales-test,auth-loginapi-write
myml-sales-test,feedback-wrapperapi-read
myml-sales-test,myml-menu-api
myml-sales-test,myml-questions
myml-sales-test,orders-read
myml-sales-test,orders-search
myml-sales-test,questions-api-read
myml-sales-test,sites-varnish
myml-sales-test,users-read
myml-sales-test,users-varnish
myml-salesfeed-salesfeed,feeds-feeds-api
odr-jobs-claimer_process,fraud-scoringoff
odr-jobs-claimer_process,orders-read
odr-jobs-claimer_process,orders-search
odr-jobs-claimer_process,users-varnish
orders-api-internal,categories-read
orders-api-internal,items-api-read
orders-api-internal,items-api-write
orders-api-internal,payments-wrapper-read
orders-api-internal,payments-wrapper-write
orders-api-internal,sites-varnish
orders-api-internal,users-read
orders-api-paymentOptions,categories-read
orders-api-paymentOptions,items-api-read
orders-api-paymentOptions,payments-wrapper-read
orders-api-paymentOptions,sites-varnish
orders-api-paymentOptions,users-read
orders-api-read,auth-access_token_api
orders-api-read,auth-backoffice
orders-api-read,categories-read
orders-api-read,items-api-read
orders-api-read,payments-wrapper-read
orders-api-read,search-searchhtml
orders-api-read,search-sessionapi
orders-api-read,sites-varnish
orders-api-read,users-read
orders-api-write,auth-access_token_api
orders-api-write,categories-read
orders-api-write,items-api-read
orders-api-write,items-api-write
orders-api-write,payments-wrapper-read
orders-api-write,sites-varnish
orders-api-write,users-read
orders-api-write,users-track
orders-feed-feed,items-api-read
orders-feed-feed,users-read
orders-jobs-BEPProcessor,orders-internal
orders-notifications-api,orders-read
orders-notifications-api,payments-wrapper-read
orders-notifications-api,sites-varnish
orders-notifications-job,email-write
orders-notifications-job,items-api-read
orders-notifications-job,orders-read
orders-notifications-job,payments-wrapper-read
orders-notifications-job,search-urlread
orders-notifications-job,shipping-addresses
orders-notifications-job,shipping-api-varnish-read
orders-notifications-job,sites-varnish
orders-notifications-job,users-read
orders-notifications-job_beta_mla,email-write
orders-notifications-job_beta_mla,items-api-read
orders-notifications-job_beta_mla,orders-read
orders-notifications-job_beta_mla,payments-wrapper-read
orders-notifications-job_beta_mla,search-urlread
orders-notifications-job_beta_mla,shipping-addresses
orders-notifications-job_beta_mla,shipping-api-varnish-read
orders-notifications-job_beta_mla,sites-varnish
orders-notifications-job_beta_mla,users-read
orders-notifications-job_beta_mlb,email-write
orders-notifications-job_beta_mlb,items-api-read
orders-notifications-job_beta_mlb,orders-read
orders-notifications-job_beta_mlb,payments-wrapper-read
orders-notifications-job_beta_mlb,search-urlread
orders-notifications-job_beta_mlb,shipping-addresses
orders-notifications-job_beta_mlb,shipping-api-varnish-read
orders-notifications-job_beta_mlb,sites-varnish
orders-notifications-job_beta_mlb,users-read
orders-notifications-job_mlb,email-write
orders-notifications-job_mlb,items-api-read
orders-notifications-job_mlb,orders-read
orders-notifications-job_mlb,payments-wrapper-read
orders-notifications-job_mlb,search-urlread
orders-notifications-job_mlb,shipping-addresses
orders-notifications-job_mlb,shipping-api-varnish-read
orders-notifications-job_mlb,sites-varnish
orders-notifications-job_mlb,users-read
orders-notifications-subscriber,orders-read
orders-notifications-subscriber,payments-wrapper-read
orders-notifications-subscriber,sites-varnish
orders-search-ws,auth-access_token_api
orders-search-ws,auth-backoffice
orders-search-ws,search-searchhtml
payments-api-beta,applications-api
payments-api-beta,cards
payments-api-beta,checkout-gateway
payments-api-beta,crm-api
payments-api-beta,fraud-ivsapi
payments-api-beta,fraud-listapi
payments-api-beta,fraud-listapi-beta
payments-api-beta,fraud-scoringadminapi
payments-api-beta,fraud-scoringapi
payments-api-beta,fraud-scoringapi-beta
payments-api-beta,orders-read
payments-api-beta,payments-pubsub
payments-api-beta,shipping-addresses
payments-api-beta,sites-varnish
payments-api-beta,users-restriction-api
payments-api-beta,users-varnish
payments-api-cards,applications-api
payments-api-cards,auth-access_token_api
payments-api-cards,cards
payments-api-cards,crm-api
payments-api-cards,fraud-ivsapi
payments-api-cards,fraud-listapi
payments-api-cards,fraud-listapi-beta
payments-api-cards,fraud-scoringadminapi
payments-api-cards,fraud-scoringapi
payments-api-cards,fraud-scoringapi-beta
payments-api-cards,orders-read
payments-api-cards,payments-pubsub
payments-api-cards,payments-wrapper-read
payments-api-cards,shipping-addresses
payments-api-cards,sites-varnish
payments-api-cards,users-restriction-api
payments-api-cards,users-varnish
payments-api-internal-test,applications-api
payments-api-internal-test,cards
payments-api-internal-test,crm-api
payments-api-internal-test,fraud-ivsapi
payments-api-internal-test,fraud-listapi
payments-api-internal-test,fraud-listapi-beta
payments-api-internal-test,fraud-scoringadminapi
payments-api-internal-test,fraud-scoringapi
payments-api-internal-test,fraud-scoringapi-beta
payments-api-internal-test,orders-read
payments-api-internal-test,payments-pubsub
payments-api-internal-test,payments-wrapper-read
payments-api-internal-test,shipping-addresses
payments-api-internal-test,sites-varnish
payments-api-internal-test,users-restriction-api
payments-api-internal-test,users-varnish
payments-api-internal_test,applications-api
payments-api-internal_test,cards
payments-api-internal_test,crm-api
payments-api-internal_test,fraud-ivsapi
payments-api-internal_test,fraud-listapi
payments-api-internal_test,fraud-listapi-beta
payments-api-internal_test,fraud-scoringadminapi
payments-api-internal_test,fraud-scoringapi
payments-api-internal_test,fraud-scoringapi-beta
payments-api-internal_test,orders-read
payments-api-internal_test,payments-pubsub
payments-api-internal_test,payments-wrapper-read
payments-api-internal_test,shipping-addresses
payments-api-internal_test,sites-varnish
payments-api-internal_test,users-restriction-api
payments-api-internal_test,users-varnish
payments-api-preprod,account-pricing
payments-api-preprod,applications-api
payments-api-preprod,auth-access_token_api
payments-api-preprod,auth-backoffice
payments-api-preprod,cards
payments-api-preprod,crm-api
payments-api-preprod,fraud-ivsapi
payments-api-preprod,fraud-listapi
payments-api-preprod,fraud-listapi-beta
payments-api-preprod,fraud-scoringadminapi
payments-api-preprod,fraud-scoringapi
payments-api-preprod,fraud-scoringapi-beta
payments-api-preprod,orders-read
payments-api-preprod,payments-pubsub
payments-api-preprod,shipping-addresses
payments-api-preprod,sites-varnish
payments-api-preprod,users-read
payments-api-preprod,users-restriction-api
payments-api-preprod,users-varnish
payments-api-read,applications-api
payments-api-read,auth-access_token_api
payments-api-read,auth-backoffice
payments-api-read,cards
payments-api-read,crm-api
payments-api-read,fraud-ivsapi
payments-api-read,fraud-listapi
payments-api-read,fraud-listapi-beta
payments-api-read,fraud-scoringadminapi
payments-api-read,fraud-scoringapi
payments-api-read,fraud-scoringapi-beta
payments-api-read,orders-read
payments-api-read,payments-pubsub
payments-api-read,payments-wrapper-read
payments-api-read,search-searchhtml
payments-api-read,shipping-addresses
payments-api-read,sites-varnish
payments-api-read,users-read
payments-api-read,users-restriction-api
payments-api-read,users-varnish
payments-api-wrapper,applications-api
payments-api-wrapper,cards
payments-api-wrapper,crm-api
payments-api-wrapper,fraud-ivsapi
payments-api-wrapper,fraud-listapi
payments-api-wrapper,fraud-listapi-beta
payments-api-wrapper,fraud-scoringadminapi
payments-api-wrapper,fraud-scoringapi
payments-api-wrapper,fraud-scoringapi-beta
payments-api-wrapper,orders-read
payments-api-wrapper,payments-pubsub
payments-api-wrapper,payments-wrapper-read
payments-api-wrapper,shipping-addresses
payments-api-wrapper,sites-varnish
payments-api-wrapper,users-restriction-api
payments-api-wrapper,users-varnish
payments-api-write,account-pricing
payments-api-write,applications-api
payments-api-write,auth-access_token_api
payments-api-write,cards
payments-api-write,crm-api
payments-api-write,fraud-ivsapi
payments-api-write,fraud-listapi
payments-api-write,fraud-listapi-beta
payments-api-write,fraud-scoringadminapi
payments-api-write,fraud-scoringapi
payments-api-write,fraud-scoringapi-beta
payments-api-write,orders-read
payments-api-write,payments-pubsub
payments-api-write,payments-wrapper-read
payments-api-write,payments-wrapper-write
payments-api-write,shipping-addresses
payments-api-write,sites-varnish
payments-api-write,users-read
payments-api-write,users-restriction-api
payments-api-write,users-varnish
payments-extra_data,conciliador-apisub
payments-extra_data-jobs,conciliador-apisub
payments-extra_data-redis-validation,search-searchhtml
payments-extra_data-redis-validation,search-sessionapi
payments-frontend-bank_transfer,payments-wrapper-read
payments-frontend-bank_transfer,payments-wrapper-write
payments-frontend-bank_transfer,shipping-addresses
payments-frontend-bank_transfer,users-read
payments-frontend-beta,payments-wrapper-read
payments-frontend-beta,shipping-addresses
payments-frontend-ticket,payments-wrapper-read
payments-frontend-ticket,shipping-addresses
payments-frontend-ticket,users-read
payments-ipn-api,auth-access_token_api
payments-ipn-api,auth-backoffice
payments-ipn-api,payments-search-read
payments-ipn-api,payments-wrapper-read
payments-ipn-api,users-varnish
payments-ipn-jobs,payments-search-read
payments-ipn-jobs,payments-wrapper-read
payments-ipn-jobs,users-varnish
payments-ipn-notify-again,payments-search-read
payments-ipn-notify-again,payments-wrapper-read
payments-ipn-notify-again,users-varnish
payments-ipn-notify_again,payments-search-read
payments-ipn-notify_again,payments-wrapper-read
payments-ipn-notify_again,users-varnish
payments-ipn-test-api,payments-search-read
payments-ipn-test-api,payments-wrapper-read
payments-ipn-test-api,users-varnish
payments-ipn-validation,auth-access_token_api
payments-ipn-validation,payments-search-read
payments-ipn-validation,payments-wrapper-read
payments-ipn-validation,users-read
payments-ipn-validation,users-varnish
payments-ipn_ow-api,auth-access_token_api
payments-ipn_ow-api,auth-backoffice
payments-ipn_ow-api,payments-search-read
payments-ipn_ow-jobs,payments-search-read
payments-ipn_ow-re_notify,payments-search-read
payments-ipn_ow-redis-redis_retry,f5-articulo-oldworld
payments-ipn_ow-redis-redis_retry,search-searchhtml
payments-ipn_ow-redis-redis_retry,vip-frontend-rolacore
payments-ipn_ow-redis-redis_validation,homes-frontend-web
payments-ipn_ow-redis-redis_validation,search-searchhtml
payments-ipn_ow-redis-redis_validation_l2,f5-articulo-oldworld
payments-ipn_ow-redis-redis_validation_l2,homes-frontend-web
payments-ipn_ow-redis-redis_validation_l2,search-searchhtml
payments-ipn_ow-redis-redis_validation_l2,vip-frontendcore
payments-ipn_ow-validation,payments-search-read
payments-search-beta,auth-access_token_api
payments-search-beta,auth-backoffice
payments-search-mkt,payments-search-read
payments-search-mkt,payments-wrapper-read
payments-search-read,auth-access_token_api
payments-search-read,auth-backoffice
payments-search-read,payments-wrapper-read
payments-search-solr,auth-loginfrontend
payments-search-solr,f5-articulo-oldworld
payments-search-solr,homes-frontend-web
payments-search-solr,search-searchhtml
payments-search-solr,vip-frontendcore
payments-search-solr-slave1,f5-articulo-oldworld
payments-search-solr-slave1,search-searchhtml
payments-search-solr-slave1,search-sessionapi
payments-search-solr-slave1,vip-frontendcore
payments-subscriber_search-api,payments-search-write
payments-subscriber_search-api,payments-wrapper-search-write
payments-subscriber_search-jobs,payments-search-write
payments-subscriber_search-jobs,payments-wrapper-search-write
payments-tickets-subscriber,orders-read
payments-tickets-subscriber,payments-wrapper-read
payments-tickets-subscriber,sites-varnish
payments-tickets-validation,homes-frontend-web
prices-api-read,auth-access_token_api
prices-api-read,categories-read
prices-api-read,items-api-read
prices-api-read,promotionpacks-read
prices-api-read,sites-varnish
prices-api-read,users-read
promotionpacks-api-read,auth-access_token_api
promotionpacks-api-read,categories-read
promotionpacks-api-read,items-api-read
questions-api-webserv-read,auth-access_token_api
questions-api-webserv-read,categories-read
questions-api-webserv-read,items-api-multiget
questions-api-webserv-read,items-api-read
questions-api-webserv-read,users-read
questions-api-webserv-write,auth-access_token_api
questions-api-webserv-write,categories-read
questions-api-webserv-write,items-api-read
questions-api-webserv-write,users-read
questions-emails-sender,auth-loginapi-write
questions-emails-sender,categories-read
questions-emails-sender,email-write
questions-emails-sender,items-api-read
questions-emails-sender,locations-varnish
questions-emails-sender,sites-varnish
questions-emails-sender,users-read
questions-feed-externalpublisher,feeds-feeds-api
questions-notifications-provider,auth-access_token_api
questions-notifications-provider,users-varnish
questions-notifications-provider-android_c2dm,questions-api-read
questions-notifications-provider-apple_provider,questions-api-read
questions-notifications-provider-device_tokens,auth-access_token_api
questions-notifications-provider-device_tokens,users-varnish
recommendations-categories-api,f5-articulo-oldworld
recommendations-categories-api,homes-frontend-web-mco_rola
recommendations-categories-api,search-api
recommendations-categories-api,search-searchhtml-mlu
recommendations-categories-api,users-read
recommendations-categories-api,vip-frontend-rolaclassif
recommendations-categories-api,vip-frontend-rolacore
recommendations-categories-api-others,f5-articulo-oldworld
recommendations-categories-api-others,search-api
recommendations-categories-api-others,search-searchhtml
recommendations-categories-api-others,search-sessionapi
recommendations-categories-api-others,users-read
recommendations-categories-api-others,vip-frontend-varnishmlb
recommendations-categories-api-others,vip-frontendclassif
recommendations-categoriespiProxy,-
recommendations-categoriespiProxy,f5-articulo-oldworld
recommendations-categoriespiProxy,search-sessionapi
recommendations-categoriespiProxy,vip-frontendcore
recommendations-categoriespiProxy-1,f5-articulo-oldworld
recommendations-categoriespiProxy-1,homes-frontend-web-categ_mlb
recommendations-categoriespiProxy-1,search-searchhtml
recommendations-categoriespiProxy-1,vip-frontend-varnishmlb
recommendations-categoriespiProxy-1,vip-frontendcore
recommendations-categoriespiProxy-1,vip-frontendjersey
recurringpayment-api,checkout-api-read
recurringpayment-api,f5-articulo-oldworld
recurringpayment-api,locations-varnish
recurringpayment-api,payments-wrapper-read
recurringpayment-api,search-sessionapi
recurringpayment-api,sites-varnish
recurringpayment-api,users-varnish
recurringpayment-api,vip-frontend-varnishmlb
recurringpayment-api,vip-frontendcore
recurringpayment-jobs-consumers,checkout-api-read
recurringpayment-jobs-consumers,checkout-api-write
recurringpayment-jobs-consumers,feeds-feeds-api
recurringpayment-jobs-consumers,locations-varnish
recurringpayment-jobs-consumers,payments-wrapper-read
recurringpayment-jobs-consumers,payments-wrapper-write
recurringpayment-jobs-consumers,sites-varnish
recurringpayment-jobs-consumers,users-read
recurringpayment-jobs-consumers,users-varnish
recurringpayment-jobs-notifications,checkout-api-read
recurringpayment-jobs-notifications,locations-varnish
recurringpayment-jobs-notifications,payments-wrapper-read
recurringpayment-jobs-notifications,sites-varnish
recurringpayment-jobs-notifications,users-varnish
recurringpayment-jobs-producers,checkout-api-read
recurringpayment-jobs-producers,locations-varnish
recurringpayment-jobs-producers,payments-wrapper-read
recurringpayment-jobs-producers,sites-varnish
recurringpayment-jobs-producers,users-varnish
recurringpayment-subscriptor,recurringpayment
search-api,catalog-api-atributes
search-api,catalog-api-read
search-api,categories-read
search-api,locations-varnish
search-api,payments-wrapper-read
search-api,search-backend
search-api,search-searchhtml
search-api,sites-varnish
search-api-1,locations-varnish
search-api-1,payments-wrapper-read
search-api-1,search-searchhtml
search-api-1,search-sessionapi
search-api-publicmla,auth-access_token_api
search-api-publicmla,catalog-api-atributes
search-api-publicmla,catalog-api-read
search-api-publicmla,categories-read
search-api-publicmla,locations-varnish
search-api-publicmla,payments-wrapper-read
search-api-publicmla,search-backend
search-api-publicmla,sites-varnish
search-api-publicmla-1,payments-wrapper-read
search-api-publicmlb,auth-access_token_api
search-api-publicmlb,catalog-api-atributes
search-api-publicmlb,catalog-api-read
search-api-publicmlb,categories-read
search-api-publicmlb,locations-varnish
search-api-publicmlb,payments-wrapper-read
search-api-publicmlb,search-backend
search-api-publicmlb,sites-varnish
search-api-publicmlb-1,payments-wrapper-read
search-api-publicmlm,auth-access_token_api
search-api-publicmlm,catalog-api-atributes
search-api-publicmlm,catalog-api-read
search-api-publicmlm,categories-read
search-api-publicmlm,locations-varnish
search-api-publicmlm,payments-wrapper-read
search-api-publicmlm,search-backend
search-api-publicmlm,sites-varnish
search-api-publicmlm-1,payments-wrapper-read
search-api-publicmlv,auth-access_token_api
search-api-publicmlv,catalog-api-atributes
search-api-publicmlv,catalog-api-read
search-api-publicmlv,categories-read
search-api-publicmlv,locations-varnish
search-api-publicmlv,payments-wrapper-read
search-api-publicmlv,search-backend
search-api-publicmlv,sites-varnish
search-api-publicmlv-1,payments-wrapper-read
search-api-publicresto,auth-access_token_api
search-api-publicresto,catalog-api-atributes
search-api-publicresto,catalog-api-read
search-api-publicresto,categories-read
search-api-publicresto,locations-varnish
search-api-publicresto,payments-wrapper-read
search-api-publicresto,search-backend
search-api-publicresto,sites-varnish
search-api-publicresto-1,payments-wrapper-read
search-api-redis-slave1,f5-articulo-oldworld
search-api-redis-slave1,homes-frontend-web-categ_resto
search-api-redis-slave1,homes-frontend-web-mco_rola
search-api-redis-slave1,search-searchhtml
search-api-redis-slave1,vip-frontend-rolaclassif
search-api-redis-slave1,vip-frontend-rolacore
search-api-test,search-backend
search-config_api-default,categories-read
search-frontend,-
search-frontend,f5-articulo-oldworld
search-frontend,homes-frontend-varnish-aux
search-frontend,homes-frontend-web
search-frontend,homes-frontend-web-categ_mlb
search-frontend,locations-varnish
search-frontend,mclics-adsdelivery
search-frontend,related-searches
search-frontend,related-searches-default
search-frontend,search-api
search-frontend,search-searchhtml
search-frontend,search-sessionapi
search-frontend,vip-frontend-varnishmlb
search-frontend,vip-frontendclassif
search-frontend,vip-frontendcore
search-frontend-mlu,locations-varnish
search-frontend-mlu,mclics-adsdelivery
search-frontend-mlu,related-searches
search-frontend-mlu,related-searches-default
search-frontend-mlu,search-api
search-frontend-mlu_static,locations-varnish
search-frontend-mlu_static,mclics-adsdelivery
search-frontend-mlu_static,related-searches
search-frontend-mlu_static,related-searches-default
search-frontend-mlu_static,search-api
search-frontend-test,f5-articulo-oldworld
search-frontend-test,locations-varnish
search-frontend-test,mclics-adsdelivery
search-frontend-test,mlstatic
search-frontend-test,related-searches
search-frontend-test,related-searches-default
search-frontend-test,search-api
search-frontend-test,search-sessionapi
search-frontend-test,vip-frontendcore
search-frontend-varnish,catalog-api-read
search-frontend-varnish,categories-read
search-frontend-varnish,locations-varnish
search-frontend-varnish,search-config
search-frontend-varnish,sites-varnish
search-frontend_static,locations-varnish
search-frontend_static,mclics-adsdelivery
search-frontend_static,related-searches
search-frontend_static,related-searches-default
search-frontend_static,search-api
search-jobs-updater_redis-miss_mla_mlm,items-api-read
search-jobs-updater_redis-miss_mlb,items-api-read
search-jobs-updater_redis-miss_mlv_resto,items-api-read
search-jobs-updater_redis-news,items-api-read
search-url_api,locations-varnish
search-url_api,sites-varnish
search-url_api-default,locations-varnish
search-url_api-default,sites-varnish
sell-resell,auth-access_token_api
sell-resell,auth-loginapi-read
sell-resell,auth-loginapi-varnish-orghash
sell-resell,auth-loginapi-varnish-ssid
sell-resell,catalog-categoryAttributes-api-read
sell-resell,categories-read
sell-resell,items-api-multiget
sell-resell,items-api-read
sell-resell,items-api-write
sell-resell,locations-varnish
sell-resell,payments-wrapper-read
sell-resell,prices-read
sell-resell,promotionpacks-read
sell-resell,sites-varnish
sell-resell,users-read
sell-resell,users-varnish
sell-resell,users-write
sell-syi,auth-access_token_api
sell-syi,auth-loginapi-varnish-orghash
sell-syi,auth-loginapi-varnish-ssid
sell-syi,auth-loginapi-write
sell-syi,catalog-api-search
sell-syi,catalog-categoryAttributes-api-read
sell-syi,categories-read
sell-syi,fraud-scoringoff
sell-syi,items-api-read
sell-syi,items-api-uploader
sell-syi,items-api-write
sell-syi,locations-varnish
sell-syi,payments-wrapper-read
sell-syi,prices-read
sell-syi,promotionpacks-read
sell-syi,sites-varnish
sell-syi,users-read
sell-syi,users-varnish
sell-syi,users-write
sell-syi-jobs-all,auth-access_token_api
sell-syi-jobs-all,items-api-read
sell-syi-jobs-all,sites-varnish
sell-syi-jobs-all,users-varnish
sell-syi-rest,auth-access_token_api
sell-syi-rest,auth-loginapi-varnish-orghash
sell-syi-rest,auth-loginapi-varnish-ssid
sell-syi-rest,auth-loginapi-write
sell-syi-rest,catalog-api-search
sell-syi-rest,catalog-categoryAttributes-api-read
sell-syi-rest,categories-read
sell-syi-rest,fraud-scoringoff
sell-syi-rest,items-api-read
sell-syi-rest,items-api-uploader
sell-syi-rest,items-api-write
sell-syi-rest,locations-varnish
sell-syi-rest,payments-wrapper-read
sell-syi-rest,prices-read
sell-syi-rest,promotionpacks-read
sell-syi-rest,sites-varnish
sell-syi-rest,users-read
sell-syi-rest,users-varnish
sell-syi-rest,users-write
sell-syi-test,auth-access_token_api
sell-syi-test,auth-loginapi-varnish-orghash
sell-syi-test,auth-loginapi-varnish-ssid
sell-syi-test,auth-loginapi-write
sell-syi-test,catalog-api-search
sell-syi-test,catalog-categoryAttributes-api-read
sell-syi-test,categories-read
sell-syi-test,fraud-scoringoff
sell-syi-test,items-api-read
sell-syi-test,items-api-uploader
sell-syi-test,locations-varnish
sell-syi-test,payments-wrapper-read
sell-syi-test,prices-read
sell-syi-test,promotionpacks-read
sell-syi-test,sites-varnish
sell-syi-test,users-read
sell-syi-test,users-varnish
sell-syi-test,users-write
servicesclassified-frontend,auth-access_token_api
servicesclassified-frontend,auth-loginapi-varnish-orghash
servicesclassified-frontend,auth-loginapi-varnish-ssid
servicesclassified-frontend,auth-loginapi-write
servicesclassified-frontend,categories-read
servicesclassified-frontend,items-api-uploader
servicesclassified-frontend,items-api-write
servicesclassified-frontend,locations-varnish
servicesclassified-frontend,prices-read
servicesclassified-frontend,sites-varnish
servicesclassified-frontend,users-read
servicesclassified-frontend,users-varnish
servicesclassified-frontend-beta,auth-access_token_api
servicesclassified-frontend-beta,sites-varnish
servicesclassified-frontend-beta,users-varnish
shipping-api-barcode,auth-access_token_api
shipping-api-barcode,categories-read
shipping-api-barcode,items-api-read
shipping-api-barcode,locations-varnish
shipping-api-barcode,orders-read
shipping-api-barcode,payments-wrapper-read
shipping-api-barcode,shipping-addresses
shipping-api-barcode,sites-varnish
shipping-api-barcode,users-read
shipping-api-barcode,users-varnish
shipping-api-read,auth-access_token_api
shipping-api-read,auth-backoffice
shipping-api-read,categories-dumper
shipping-api-read,categories-read
shipping-api-read,items-api-read
shipping-api-read,locations-varnish
shipping-api-read,orders-read
shipping-api-read,payments-wrapper-read
shipping-api-read,shipping-addresses
shipping-api-read,sites-varnish
shipping-api-read,users-read
shipping-api-read,users-varnish
shipping-api-redis,categories-read
shipping-api-redis,items-api-read
shipping-api-redis,locations-varnish
shipping-api-redis,orders-read
shipping-api-redis,payments-wrapper-read
shipping-api-redis,shipping-addresses
shipping-api-redis,sites-varnish
shipping-api-redis,users-varnish
shipping-api-test,auth-access_token_api
shipping-api-test,categories-dumper
shipping-api-test,categories-read
shipping-api-test,items-api-read
shipping-api-test,locations-varnish
shipping-api-test,orders-read
shipping-api-test,payments-wrapper-read
shipping-api-test,shipping-addresses
shipping-api-test,sites-varnish
shipping-api-test,users-read
shipping-api-test,users-varnish
shipping-api-write,auth-access_token_api
shipping-api-write,categories-dumper
shipping-api-write,categories-read
shipping-api-write,items-api-read
shipping-api-write,locations-varnish
shipping-api-write,orders-read
shipping-api-write,payments-wrapper-read
shipping-api-write,shipping-addresses
shipping-api-write,sites-varnish
shipping-api-write,users-read
shipping-api-write,users-varnish
shipping-frontend,auth-access_token_api
shipping-frontend,auth-loginapi-read
shipping-frontend,auth-loginapi-varnish-orghash
shipping-frontend,auth-loginapi-write
shipping-frontend,items-api-multiget
shipping-frontend,orders-read
shipping-frontend,payments-search-read
shipping-frontend,shipping-api-varnish-read
shipping-frontend,shipping-api-write
shipping-frontend,sites-varnish
shipping-frontend,users-read
shipping-frontend,users-varnish
shipping-frontend-test,auth-access_token_api
shipping-frontend-test,auth-loginapi-read
shipping-frontend-test,auth-loginapi-varnish-orghash
shipping-frontend-test,payments-search-read
shipping-frontend-test,shipping-api-varnish-read
shipping-frontend-test,sites-varnish
shipping-frontend-test,users-read
shipping-frontend-test,users-varnish
shipping-jobs-jobs,categories-read
shipping-jobs-jobs,items-api-read
shipping-jobs-jobs,locations-varnish
shipping-jobs-jobs,orders-read
shipping-jobs-jobs,payments-wrapper-read
shipping-jobs-jobs,shipping-addresses
shipping-jobs-jobs,sites-varnish
shipping-jobs-jobs,users-varnish
shipping-jobs-jobs-secondary,categories-read
shipping-jobs-jobs-secondary,items-api-read
shipping-jobs-jobs-secondary,locations-varnish
shipping-jobs-jobs-secondary,orders-read
shipping-jobs-jobs-secondary,payments-wrapper-read
shipping-jobs-jobs-secondary,shipping-addresses
shipping-jobs-jobs-secondary,sites-varnish
shipping-jobs-jobs-secondary,users-varnish
sitemaps-job-mongodb-read,f5-articulo-oldworld
sitemaps-job-mongodb-read,homes-frontend-web_roca
sitemaps-job-mongodb-read,search-searchhtml
sitemaps-job-mongodb-read,search-sessionapi
sitemaps-job-mongodb-read,vip-frontend-varnishall
sitemaps-job-mongodb-read,vip-frontendcore
sitemaps-job-read,items-api-read
sitemaps-job-read,sites-varnish
sites-api,auth-access_token_api
sites-api,categories-read
sites-api,locations-varnish
sites-api-test,categories-read
social-api-api,auth-access_token_api
social-api-api,locations-varnish
social-api-jobs,locations-varnish
social-api-jobsDownloader,locations-varnish
social-api-mongodb-shard1,homes-frontend-web
social-api-mongodb-shard1,search-searchhtml
social-api-mongodb-shard1,search-sessionapi
social-api-updates,locations-varnish
social-frontend,auth-access_token_api
social-frontend,auth-loginapi-varnish-orghash
social-frontend,auth-loginapi-varnish-ssid
social-frontend,categories-read
social-frontend,items-api-read
social-frontend,locations-varnish
social-frontend,sites-varnish
social-frontend,social-api
social-frontend,users-read
social-frontend,users-varnish
streaming-api-jobs_shard0,users-varnish
traffic-registration-REST_NOPAID,auth-access_token_api
traffic-registration-REST_NOPAID,auth-loginapi-varnish-orghash
traffic-registration-REST_NOPAID,auth-loginapi-varnish-ssid
traffic-registration-REST_NOPAID,fraud-scoringoff
traffic-registration-REST_NOPAID,items-api-read
traffic-registration-REST_NOPAID,locations-varnish
traffic-registration-REST_NOPAID,questions-api-write
traffic-registration-REST_NOPAID,sites-varnish
traffic-registration-REST_NOPAID,users-read
traffic-registration-REST_NOPAID,users-varnish
traffic-registration-REST_NOPAID,users-write
traffic-registration-REST_PAID,auth-access_token_api
traffic-registration-REST_PAID,auth-loginapi-varnish-orghash
traffic-registration-REST_PAID,auth-loginapi-varnish-ssid
traffic-registration-REST_PAID,fraud-scoringoff
traffic-registration-REST_PAID,items-api-read
traffic-registration-REST_PAID,locations-varnish
traffic-registration-REST_PAID,questions-api-write
traffic-registration-REST_PAID,sites-varnish
traffic-registration-REST_PAID,users-read
traffic-registration-REST_PAID,users-varnish
traffic-registration-sndbox,auth-access_token_api
traffic-registration-sndbox,auth-loginapi-varnish-orghash
traffic-registration-sndbox,auth-loginapi-varnish-ssid
traffic-registration-sndbox,catalog-categoryAttributes-api-read
traffic-registration-sndbox,fraud-scoringoff
traffic-registration-sndbox,items-api-read
traffic-registration-sndbox,locations-varnish
traffic-registration-sndbox,sites-varnish
traffic-registration-sndbox,users-read
traffic-registration-sndbox,users-varnish
traffic-registration_MLB_MLM,auth-access_token_api
traffic-registration_MLB_MLM,auth-loginapi-read
traffic-registration_MLB_MLM,auth-loginapi-varnish-orghash
traffic-registration_MLB_MLM,auth-loginapi-varnish-ssid
traffic-registration_MLB_MLM,auth-loginapi-write
traffic-registration_MLB_MLM,catalog-categoryAttributes-api-read
traffic-registration_MLB_MLM,email-write
traffic-registration_MLB_MLM,fraud-scoringoff
traffic-registration_MLB_MLM,items-api-read
traffic-registration_MLB_MLM,locations-varnish
traffic-registration_MLB_MLM,questions-api-write
traffic-registration_MLB_MLM,sites-varnish
traffic-registration_MLB_MLM,users-read
traffic-registration_MLB_MLM,users-varnish
users-api-jobs,locations-varnish
users-api-read,auth-access_token_api
users-api-read,auth-backoffice
users-api-read,auth-loginfrontend
users-api-read,f5-articulo-oldworld
users-api-read,homes-frontend-web
users-api-read,items-api-read
users-api-read,locations-varnish
users-api-read,search-searchhtml
users-api-read,search-sessionapi
users-api-read,vip-frontend-varnishmlb
users-api-read,vip-frontendclassif
users-api-write,auth-access_token_api
users-api-write,f5-articulo-oldworld
users-api-write,homes-frontend-varnish-aux
users-api-write,homes-frontend-web
users-api-write,homes-frontend-web-categ_mlb
users-api-write,items-api-read
users-api-write,locations-varnish
users-api-write,search-searchhtml
users-api-write,sites-varnish
users-api-write,vip-frontend-varnishmlb
users-api-write,vip-frontendclassif
vip-categoriesDumper,categories-read
vip-categoriesDumper,locations-varnish
vip-categoriesDumper,search-urlread
vip-categoriesDumper,sites-varnish
vip-frontend-mcocore,auth-access_token_api
vip-frontend-mcocore,search-api
vip-frontend-mcocore,sites-varnish
vip-frontend-mcocore,users-varnish
vip-frontend-mcojersey,auth-access_token_api
vip-frontend-mcojersey,search-api
vip-frontend-mcojersey,sites-varnish
vip-frontend-mcojersey,users-varnish
vip-frontend-mcoresto,auth-access_token_api
vip-frontend-mcoresto,search-api
vip-frontend-mcoresto,sites-varnish
vip-frontend-mcoresto,users-varnish
vip-frontend-mobile-rolacore,auth-loginapi-varnish-orghash
vip-frontend-mobile-rolacore,categories-read
vip-frontend-mobile-rolacore,items-api-read
vip-frontend-mobile-rolacore,locations-varnish
vip-frontend-mobile-rolacore,orders-write
vip-frontend-mobile-rolacore,payments-wrapper-read
vip-frontend-mobile-rolacore,questions-api-read
vip-frontend-mobile-rolacore,questions-api-write
vip-frontend-mobile-rolacore,shipping-addresses
vip-frontend-mobile-rolacore,sites-varnish
vip-frontend-mobile-rolacore,users-read
vip-frontend-mobile-rolacore,users-track
vip-frontend-mobile-rolacore,users-varnish
vip-frontend-redis_updater_job,items-api-multiget
vip-frontend-redis_updater_job,items-api-read
vip-frontend-redis_updater_job,locations-varnish
vip-frontend-resources,auth-access_token_api
vip-frontend-resources,search-api
vip-frontend-resources,sites-varnish
vip-frontend-resources,users-varnish
vip-frontend-rolaclassif,auth-access_token_api
vip-frontend-rolaclassif,search-api
vip-frontend-rolaclassif,sites-varnish
vip-frontend-rolaclassif,users-varnish
vip-frontend-rolacore,auth-access_token_api
vip-frontend-rolacore,search-api
vip-frontend-rolacore,sites-varnish
vip-frontend-rolacore,users-varnish
vip-frontend-rolajersey,auth-access_token_api
vip-frontend-rolajersey,search-api
vip-frontend-rolajersey,sites-varnish
vip-frontend-rolajersey,users-varnish
vip-frontend-rolaresto,auth-access_token_api
vip-frontend-rolaresto,search-api
vip-frontend-rolaresto,sites-varnish
vip-frontend-rolaresto,users-varnish
vip-frontend-testcore,auth-access_token_api
vip-frontend-testcore,auth-loginapi-varnish-orghash
vip-frontend-testcore,orders-search
vip-frontend-testcore,search-api
vip-frontend-testcore,sites-varnish
vip-frontend-testcore,users-varnish
vip-frontend-testjersey,auth-access_token_api
vip-frontend-testjersey,search-api
vip-frontend-testjersey,sites-varnish
vip-frontend-testjersey,users-varnish
vip-frontend-testresto,-
vip-frontend-testresto,auth-access_token_api
vip-frontend-testresto,auth-loginapi-varnish-orghash
vip-frontend-testresto,f5-articulo-oldworld
vip-frontend-testresto,homes-frontend-varnish-aux
vip-frontend-testresto,homes-frontend-web-categ_resto
vip-frontend-testresto,homes-frontend-web-mco_rola
vip-frontend-testresto,search-api
vip-frontend-testresto,search-searchhtml-mlu
vip-frontend-testresto,sites-varnish
vip-frontend-testresto,users-read
vip-frontend-testresto,users-varnish
vip-frontend-testresto,vip-frontend-rolaclassif
vip-frontend-testresto,vip-frontend-rolaresto
vip-frontend-testresto,vip-frontend-varnishall
vip-frontendclassif,auth-access_token_api
vip-frontendclassif,auth-loginapi-varnish-orghash
vip-frontendclassif,f5-articulo-oldworld
vip-frontendclassif,homes-frontend-web
vip-frontendclassif,mlstatic
vip-frontendclassif,orders-search
vip-frontendclassif,search-api
vip-frontendclassif,search-searchhtml
vip-frontendclassif,search-sessionapi
vip-frontendclassif,sites-varnish
vip-frontendclassif,users-read
vip-frontendclassif,users-varnish
vip-frontendclassif,vip-frontend-varnishmlb
vip-frontendclassif,vip-frontendcore
vip-frontendcore,auth-access_token_api
vip-frontendcore,auth-loginapi-varnish-orghash
vip-frontendcore,f5-articulo-oldworld
vip-frontendcore,orders-search
vip-frontendcore,search-api
vip-frontendcore,search-searchhtml
vip-frontendcore,search-sessionapi
vip-frontendcore,sites-varnish
vip-frontendcore,users-read
vip-frontendcore,users-varnish
vip-frontendcore,vip-frontend-varnishmlb
vip-frontendcore,vip-frontendcore
vip-frontendjersey,auth-access_token_api
vip-frontendjersey,f5-articulo-oldworld
vip-frontendjersey,homes-frontend-web
vip-frontendjersey,orders-search
vip-frontendjersey,search-api
vip-frontendjersey,search-searchhtml
vip-frontendjersey,sites-varnish
vip-frontendjersey,users-varnish
vip-frontendjersey,vip-frontend-varnishmlb
vip-frontendjersey,vip-frontendcore
vip-frontendjersey,vip-frontendjersey
vip-frontendmcoclassif,auth-access_token_api
vip-frontendmcoclassif,search-api
vip-frontendmcoclassif,sites-varnish
vip-frontendmcoclassif,users-varnish
vip-frontendresto,auth-access_token_api
vip-frontendresto,auth-loginapi-varnish-orghash
vip-frontendresto,homes-frontend-varnish-aux
vip-frontendresto,homes-frontend-web-categ_mlm
vip-frontendresto,orders-search
vip-frontendresto,search-api
vip-frontendresto,sites-varnish
vip-frontendresto,users-varnish
vip-redis_updater,items-api-read
vip-redis_updater,locations-varnish
withdraw-api,auth-access_token_api
withdraw-api,auth-backoffice
withdraw-frontend-cell-phones,auth-access_token_api
withdraw-frontend-cell-phones,auth-loginapi-varnish-ssid
withdraw-frontend-cell-phones,locations-varnish
withdraw-frontend-cell-phones,payments-wrapper-read
withdraw-frontend-cell-phones,sites-varnish
withdraw-frontend-cell-phones,users-read
withdraw-frontend-cell-phones,withdraw-recharge-cell
withdraw-jobs-cell-phones,locations-varnish
withdraw-jobs-cell-phones,payments-wrapper-read
withdraw-jobs-cell-phones,payments-wrapper-write
withdraw-jobs-cell-phones,sites-varnish
withdraw-jobs-cell-phones,users-read
withdraw-recharge-cell-phones,locations-varnish
withdraw-recharge-cell-phones,payments-wrapper-read
withdraw-recharge-cell-phones,payments-wrapper-write
withdraw-recharge-cell-phones,sites-varnish
withdraw-recharge-cell-phones,users-read