account,account
account,applications
account,auth
account,fraud
account,payments
account,sites
account,users
addresses,auth
addresses,f5
addresses,locations
addresses,mlstatic
addresses,search
addresses,sites
apparel,auth
apparel,catalog
apparel,categories
apparel,items
apparel,locations
apparel,prices
apparel,sites
apparel,users
applications,auth
applications,catalog
applications,items
applications,search
applications,sites
applications,users
arquitectura,account
arquitectura,applications
arquitectura,arquitectura
arquitectura,auth
arquitectura,billing
arquitectura,catalog
arquitectura,categories
arquitectura,checkout
arquitectura,color
arquitectura,crm
arquitectura,email
arquitectura,f5
arquitectura,feedback
arquitectura,feeds
arquitectura,fraud
arquitectura,homes
arquitectura,items
arquitectura,locations
arquitectura,messages
arquitectura,mlstatic
arquitectura,moderations
arquitectura,myml
arquitectura,orders
arquitectura,payments
arquitectura,prices
arquitectura,questions
arquitectura,search
arquitectura,shipping
arquitectura,sites
arquitectura,users
arquitectura,withdraw
auth,applications
auth,auth
auth,email
auth,f5
auth,locations
auth,mlstatic
auth,search
auth,sites
auth,users
bigdata,search
billing,auth
billing,billing
billing,feedback
billing,items
billing,orders
billing,payments
billing,users
bookmarks,auth
bookmarks,items
buyingflow,f5
buyingflow,search
buyingflow,sites
buyingflow,users
cacique,cacique
cacique,metricas
cacique,payments
cacique,st
catalog,auth
catalog,categories
catalog,items
catalog,sites
catalog,users
categories,auth
categories,categories
categories,items
categories,locations
categories,search
categories,sites
classifieds,auth
classifieds,catalog
classifieds,categories
classifieds,classifieds
classifieds,items
classifieds,locations
classifieds,sites
classifieds,users
conciliador,account
conciliador,billing
conciliador,f5
conciliador,payments
conciliador,search
conciliador,users
crm,account
crm,auth
crm,billing
crm,categories
crm,crm
crm,f5
crm,feedback
crm,fraud
crm,items
crm,locations
crm,mlstatic
crm,myml
crm,orders
crm,payments
crm,prices
crm,search
crm,shipping
crm,users
dba,f5
dba,search
dod,dod
dod,email
dod,locations
dod,sites
emails,locations
emails,sites
emails,users
feedback,auth
feedback,items
feedback,orders
feeds,applications
feeds,auth
fraud,auth
fraud,billing
fraud,cards
fraud,categories
fraud,crm
fraud,email
fraud,f5
fraud,fraud
fraud,items
fraud,orders
fraud,payments
fraud,questions
fraud,search
fraud,sites
fraud,social
fraud,users
gateway,auth
gateway,payments
gateway,users
hadoop,f5
hadoop,search
homes,auth
homes,categories
homes,items
homes,search
homes,sites
irecognition,imagefront
irecognition,items
items,auth
items,billing
items,catalog
items,categories
items,feeds
items,items
items,locations
items,mlstatic
items,prices
items,questions
items,search
items,shipping
items,sites
items,users
itsap,billing
itsap,crm
itsap,email
itsap,users
locations,auth
mclics,mclics
mclics,search
mclics,st
melipayments,auth
melipayments,billing
melipayments,cards
melipayments,email
melipayments,payments
melipayments,users
messages,email
messages,messages
messages,moderations
messages,sites
messages,users
mktimgs,search
moderations,moderations
mpsitetool,applications
mpsitetool,auth
mpsitetool,checkout
mpsitetool,locations
mpsitetool,payments
mpsitetool,recurringpayment
mpsitetool,sites
mpsitetool,users
mshops,categories
mshops,items
mshops,sites
myml,auth
myml,categories
myml,f5
myml,feedback
myml,feeds
myml,items
myml,locations
myml,mlstatic
myml,myml
myml,orders
myml,prices
myml,questions
myml,search
myml,sites
myml,users
odr,fraud
odr,orders
odr,users
orders,auth
orders,categories
orders,email
orders,items
orders,orders
orders,payments
orders,search
orders,shipping
orders,sites
orders,users
payments,account
payments,applications
payments,auth
payments,cards
payments,conciliador
payments,crm
payments,f5
payments,fraud
payments,orders
payments,payments
payments,search
payments,shipping
payments,sites
payments,users
prices,auth
prices,categories
prices,items
prices,promotionpacks
prices,sites
prices,users
promotionpacks,auth
promotionpacks,categories
promotionpacks,items
questions,auth
questions,categories
questions,email
questions,feeds
questions,items
questions,locations
questions,questions
questions,sites
questions,users
recommendations,f5
recommendations,search
recommendations,users
recurringpayment,checkout
recurringpayment,f5
recurringpayment,feeds
recurringpayment,locations
recurringpayment,payments
recurringpayment,recurringpayment
recurringpayment,search
recurringpayment,sites
recurringpayment,users
search,auth
search,catalog
search,categories
search,f5
search,items
search,locations
search,payments
search,search
search,sites
sell,auth
sell,catalog
sell,categories
sell,fraud
sell,items
sell,locations
sell,payments
sell,prices
sell,promotionpacks
sell,sites
sell,users
shipping,auth
shipping,categories
shipping,items
shipping,locations
shipping,orders
shipping,payments
shipping,shipping
shipping,sites
shipping,users
sitemaps,f5
sitemaps,items
sitemaps,search
sitemaps,sites
sites,auth
sites,categories
sites,locations
social,auth
social,locations
social,search
streaming,users
traffic,auth
traffic,catalog
traffic,email
traffic,fraud
traffic,items
traffic,locations
traffic,questions
traffic,sites
traffic,users
users,auth
users,f5
users,items
users,locations
users,search
users,sites
vip,categories
vip,items
vip,locations
vip,search
vip,sites
withdraw,auth
withdraw,locations
withdraw,payments
withdraw,sites
withdraw,users